seed,observation_id,anomaly_score,anomaly_rank,flagged
0,X01_PLX_C24_0001_000000,0.43739115043282123,16.0,False
0,X01_PLX_C24_0002_000000,0.4221059570219984,19.0,False
0,X01_PLX_C24_0007_000000,0.43913432624480786,14.0,False
0,X01_PLX_C24_0008_000000,0.47433413379219624,9.0,False
0,X01_PLX_C24_0009_000000,0.43993008152690555,13.0,False
0,X01_PLX_C24_0010_000000,0.5362663915003076,4.0,True
0,X01_PLX_C24_0014_000000,0.4004470651776945,25.0,False
0,X01_PLX_C24_0015_000000,0.408760923073878,22.0,False
0,X01_PLX_C24_0018_000000,0.580744488992858,3.0,True
0,X01_PLX_C24_0019_000000,0.43356213740960164,17.0,False
0,X01_PLX_C24_0020_000000,0.5244151310921228,5.0,False
0,X01_PLX_C24_0021_000000,0.4752079692636515,8.0,False
0,X01_PLX_C24_0022_000000,0.4882328213826001,7.0,False
0,X01_PLX_C24_0023_000000,0.40363419331546196,24.0,False
0,X01_PLX_C24_0024_000000,0.40547374215506543,23.0,False
0,X01_PLX_C24_0026_000000,0.43767751629112434,15.0,False
0,X01_PLX_G01_0002_000000,0.4174765593382751,20.0,False
0,X01_PLX_G01_0003_000000,0.5923750647623631,1.0,True
0,X01_PLX_G01_0004_000000,0.42715511300484305,18.0,False
0,X01_PLX_G01_0005_000000,0.41618711629911265,21.0,False
0,X01_PLX_G01_0006_000000,0.5844535232926474,2.0,True
0,X01_PLX_P01_0005_000000,0.4960543456366848,6.0,False
0,X01_PLX_T24_0001_000000,0.45004144292808,12.0,False
0,X01_PLX_T24_0002_000000,0.4653534994992891,10.0,False
0,X01_PLX_T24_0007_000000,0.4518030858884138,11.0,False
1,X01_PLX_C24_0001_000000,0.43017765044012807,16.0,False
1,X01_PLX_C24_0002_000000,0.4244703990997777,18.0,False
1,X01_PLX_C24_0007_000000,0.4397247130320652,14.0,False
1,X01_PLX_C24_0008_000000,0.48932857749854025,7.0,False
1,X01_PLX_C24_0009_000000,0.4277689833914458,17.0,False
1,X01_PLX_C24_0010_000000,0.5249910881588958,5.0,False
1,X01_PLX_C24_0014_000000,0.38948133538035,25.0,False
1,X01_PLX_C24_0015_000000,0.4037374851050249,23.0,False
1,X01_PLX_C24_0018_000000,0.6043488331083634,2.0,True
1,X01_PLX_C24_0019_000000,0.42121440247988184,20.0,False
1,X01_PLX_C24_0020_000000,0.5328077710183201,4.0,True
1,X01_PLX_C24_0021_000000,0.4856860930509066,8.0,False
1,X01_PLX_C24_0022_000000,0.45521296866044514,12.0,False
1,X01_PLX_C24_0023_000000,0.4003641265235477,24.0,False
1,X01_PLX_C24_0024_000000,0.41321234625320247,22.0,False
1,X01_PLX_C24_0026_000000,0.4391663255115732,15.0,False
1,X01_PLX_G01_0002_000000,0.41736983367613584,21.0,False
1,X01_PLX_G01_0003_000000,0.5481087276426613,3.0,True
1,X01_PLX_G01_0004_000000,0.45689286962203335,11.0,False
1,X01_PLX_G01_0005_000000,0.4219225997865903,19.0,False
1,X01_PLX_G01_0006_000000,0.6204237447415127,1.0,True
1,X01_PLX_P01_0005_000000,0.4954572327178302,6.0,False
1,X01_PLX_T24_0001_000000,0.4505511964905335,13.0,False
1,X01_PLX_T24_0002_000000,0.45757386715870574,10.0,False
1,X01_PLX_T24_0007_000000,0.4578887768617317,9.0,False
2,X01_PLX_C24_0001_000000,0.4259494955680795,20.0,False
2,X01_PLX_C24_0002_000000,0.4236755785469094,21.0,False
2,X01_PLX_C24_0007_000000,0.4475059613959504,15.0,False
2,X01_PLX_C24_0008_000000,0.4914595640781095,8.0,False
2,X01_PLX_C24_0009_000000,0.4367647955290973,17.0,False
2,X01_PLX_C24_0010_000000,0.5232332771236855,5.0,False
2,X01_PLX_C24_0014_000000,0.4222527270513166,22.0,False
2,X01_PLX_C24_0015_000000,0.4216689714479524,23.0,False
2,X01_PLX_C24_0018_000000,0.5944414634048734,2.0,True
2,X01_PLX_C24_0019_000000,0.45938545163844957,13.0,False
2,X01_PLX_C24_0020_000000,0.5313447235321876,4.0,True
2,X01_PLX_C24_0021_000000,0.5002069239340584,7.0,False
2,X01_PLX_C24_0022_000000,0.484762420825393,9.0,False
2,X01_PLX_C24_0023_000000,0.4135244814528497,25.0,False
2,X01_PLX_C24_0024_000000,0.4215223716611413,24.0,False
2,X01_PLX_C24_0026_000000,0.4651440900720253,12.0,False
2,X01_PLX_G01_0002_000000,0.4265998174891766,19.0,False
2,X01_PLX_G01_0003_000000,0.575991653488216,3.0,True
2,X01_PLX_G01_0004_000000,0.45773707926003104,14.0,False
2,X01_PLX_G01_0005_000000,0.4360473038409372,18.0,False
2,X01_PLX_G01_0006_000000,0.608632634707776,1.0,True
2,X01_PLX_P01_0005_000000,0.5098233165150993,6.0,False
2,X01_PLX_T24_0001_000000,0.438294697192013,16.0,False
2,X01_PLX_T24_0002_000000,0.4835728599238517,10.0,False
2,X01_PLX_T24_0007_000000,0.47980713300453387,11.0,False
3,X01_PLX_C24_0001_000000,0.43355185189719286,18.0,False
3,X01_PLX_C24_0002_000000,0.42322840241733484,21.0,False
3,X01_PLX_C24_0007_000000,0.4483734887732414,14.0,False
3,X01_PLX_C24_0008_000000,0.46193319337160227,10.0,False
3,X01_PLX_C24_0009_000000,0.44209538344809224,16.0,False
3,X01_PLX_C24_0010_000000,0.5391076099575094,4.0,True
3,X01_PLX_C24_0014_000000,0.4047570065884345,25.0,False
3,X01_PLX_C24_0015_000000,0.41062609267804573,23.0,False
3,X01_PLX_C24_0018_000000,0.6143971855461596,1.0,True
3,X01_PLX_C24_0019_000000,0.43257767692396953,19.0,False
3,X01_PLX_C24_0020_000000,0.5308218940403083,5.0,False
3,X01_PLX_C24_0021_000000,0.5059550557238427,6.0,False
3,X01_PLX_C24_0022_000000,0.47849425903435483,8.0,False
3,X01_PLX_C24_0023_000000,0.40598365616233295,24.0,False
3,X01_PLX_C24_0024_000000,0.41356223037582296,22.0,False
3,X01_PLX_C24_0026_000000,0.45559628075124614,11.0,False
3,X01_PLX_G01_0002_000000,0.42725709729136124,20.0,False
3,X01_PLX_G01_0003_000000,0.5746974808963685,3.0,True
3,X01_PLX_G01_0004_000000,0.451822196832767,13.0,False
3,X01_PLX_G01_0005_000000,0.4335999353480943,17.0,False
3,X01_PLX_G01_0006_000000,0.5940544577178154,2.0,True
3,X01_PLX_P01_0005_000000,0.4953954301922381,7.0,False
3,X01_PLX_T24_0001_000000,0.45531360059306014,12.0,False
3,X01_PLX_T24_0002_000000,0.4475481823680508,15.0,False
3,X01_PLX_T24_0007_000000,0.46399878410657497,9.0,False
4,X01_PLX_C24_0001_000000,0.42312009927504407,19.0,False
4,X01_PLX_C24_0002_000000,0.41499346313198143,21.0,False
4,X01_PLX_C24_0007_000000,0.44040019056849666,16.0,False
4,X01_PLX_C24_0008_000000,0.46866201623773074,12.0,False
4,X01_PLX_C24_0009_000000,0.44357897893180814,15.0,False
4,X01_PLX_C24_0010_000000,0.5053353015781713,6.0,False
4,X01_PLX_C24_0014_000000,0.40183565025893797,25.0,False
4,X01_PLX_C24_0015_000000,0.40846291620133224,22.0,False
4,X01_PLX_C24_0018_000000,0.5806901675320925,3.0,True
4,X01_PLX_C24_0019_000000,0.42348210093640215,18.0,False
4,X01_PLX_C24_0020_000000,0.5331006180946803,4.0,True
4,X01_PLX_C24_0021_000000,0.47269866366424335,9.0,False
4,X01_PLX_C24_0022_000000,0.4727926934444668,8.0,False
4,X01_PLX_C24_0023_000000,0.40627771902687004,23.0,False
4,X01_PLX_C24_0024_000000,0.4021246518529962,24.0,False
4,X01_PLX_C24_0026_000000,0.4694210853795226,11.0,False
4,X01_PLX_G01_0002_000000,0.42423475011176653,17.0,False
4,X01_PLX_G01_0003_000000,0.5835201997765206,2.0,True
4,X01_PLX_G01_0004_000000,0.45887704157457454,13.0,False
4,X01_PLX_G01_0005_000000,0.42035696398111416,20.0,False
4,X01_PLX_G01_0006_000000,0.618247775444708,1.0,True
4,X01_PLX_P01_0005_000000,0.5128876344141711,5.0,False
4,X01_PLX_T24_0001_000000,0.45167955049786984,14.0,False
4,X01_PLX_T24_0002_000000,0.4698021521707475,10.0,False
4,X01_PLX_T24_0007_000000,0.4790055319572496,7.0,False
5,X01_PLX_C24_0001_000000,0.4281962895237474,17.0,False
5,X01_PLX_C24_0002_000000,0.4244499410183385,20.0,False
5,X01_PLX_C24_0007_000000,0.4315365701955992,15.0,False
5,X01_PLX_C24_0008_000000,0.4555830854461789,10.0,False
5,X01_PLX_C24_0009_000000,0.4292157972180153,16.0,False
5,X01_PLX_C24_0010_000000,0.530973870559923,4.0,True
5,X01_PLX_C24_0014_000000,0.39654357694634534,24.0,False
5,X01_PLX_C24_0015_000000,0.39730810834012514,23.0,False
5,X01_PLX_C24_0018_000000,0.5674098982722169,3.0,True
5,X01_PLX_C24_0019_000000,0.4280796672417286,18.0,False
5,X01_PLX_C24_0020_000000,0.5178611292485127,5.0,False
5,X01_PLX_C24_0021_000000,0.49375734605468574,6.0,False
5,X01_PLX_C24_0022_000000,0.4758583697386539,8.0,False
5,X01_PLX_C24_0023_000000,0.39121543906984557,25.0,False
5,X01_PLX_C24_0024_000000,0.4007819636033996,22.0,False
5,X01_PLX_C24_0026_000000,0.44877125164835086,14.0,False
5,X01_PLX_G01_0002_000000,0.4267758938456777,19.0,False
5,X01_PLX_G01_0003_000000,0.5776339231589888,2.0,True
5,X01_PLX_G01_0004_000000,0.45241055508638806,12.0,False
5,X01_PLX_G01_0005_000000,0.41722962766799615,21.0,False
5,X01_PLX_G01_0006_000000,0.5846671078860717,1.0,True
5,X01_PLX_P01_0005_000000,0.4879989646325445,7.0,False
5,X01_PLX_T24_0001_000000,0.45013225073332125,13.0,False
5,X01_PLX_T24_0002_000000,0.45785513080246726,9.0,False
5,X01_PLX_T24_0007_000000,0.4533742108097329,11.0,False
6,X01_PLX_C24_0001_000000,0.44765307073584554,17.0,False
6,X01_PLX_C24_0002_000000,0.4294677685417269,20.0,False
6,X01_PLX_C24_0007_000000,0.46648746599267993,12.0,False
6,X01_PLX_C24_0008_000000,0.49454409090412904,8.0,False
6,X01_PLX_C24_0009_000000,0.4284549753817081,21.0,False
6,X01_PLX_C24_0010_000000,0.5014862853148659,6.0,False
6,X01_PLX_C24_0014_000000,0.4092840708188927,22.0,False
6,X01_PLX_C24_0015_000000,0.4031075755197377,24.0,False
6,X01_PLX_C24_0018_000000,0.61339404620559,1.0,True
6,X01_PLX_C24_0019_000000,0.44098073191098647,18.0,False
6,X01_PLX_C24_0020_000000,0.5125866879641736,4.0,True
6,X01_PLX_C24_0021_000000,0.4564099474439822,14.0,False
6,X01_PLX_C24_0022_000000,0.46095080319565707,13.0,False
6,X01_PLX_C24_0023_000000,0.3983213720187856,25.0,False
6,X01_PLX_C24_0024_000000,0.40627604319141497,23.0,False
6,X01_PLX_C24_0026_000000,0.4674821079955766,11.0,False
6,X01_PLX_G01_0002_000000,0.45352183302533466,16.0,False
6,X01_PLX_G01_0003_000000,0.5846975918340576,2.0,True
6,X01_PLX_G01_0004_000000,0.47421891920467746,9.0,False
6,X01_PLX_G01_0005_000000,0.4386620247363084,19.0,False
6,X01_PLX_G01_0006_000000,0.5769089578771835,3.0,True
6,X01_PLX_P01_0005_000000,0.508705267627785,5.0,False
6,X01_PLX_T24_0001_000000,0.4544308602213806,15.0,False
6,X01_PLX_T24_0002_000000,0.49700733627312066,7.0,False
6,X01_PLX_T24_0007_000000,0.4708400354276117,10.0,False
7,X01_PLX_C24_0001_000000,0.43388598997338956,16.0,False
7,X01_PLX_C24_0002_000000,0.4128619700814764,21.0,False
7,X01_PLX_C24_0007_000000,0.4366277606782469,14.0,False
7,X01_PLX_C24_0008_000000,0.47149037793601295,8.0,False
7,X01_PLX_C24_0009_000000,0.4234772596417598,19.0,False
7,X01_PLX_C24_0010_000000,0.5097643525968255,5.0,False
7,X01_PLX_C24_0014_000000,0.4024937833456061,23.0,False
7,X01_PLX_C24_0015_000000,0.3994017748216426,24.0,False
7,X01_PLX_C24_0018_000000,0.609452380157967,1.0,True
7,X01_PLX_C24_0019_000000,0.43423915746613223,15.0,False
7,X01_PLX_C24_0020_000000,0.5338768590996714,4.0,True
7,X01_PLX_C24_0021_000000,0.46550772525626655,9.0,False
7,X01_PLX_C24_0022_000000,0.47525907062735306,7.0,False
7,X01_PLX_C24_0023_000000,0.39548046243319235,25.0,False
7,X01_PLX_C24_0024_000000,0.4039853430455237,22.0,False
7,X01_PLX_C24_0026_000000,0.4394240764310449,13.0,False
7,X01_PLX_G01_0002_000000,0.42560547979158386,18.0,False
7,X01_PLX_G01_0003_000000,0.6014911842433349,2.0,True
7,X01_PLX_G01_0004_000000,0.44800569842718496,12.0,False
7,X01_PLX_G01_0005_000000,0.420452724323077,20.0,False
7,X01_PLX_G01_0006_000000,0.5833872903967081,3.0,True
7,X01_PLX_P01_0005_000000,0.5026720312606929,6.0,False
7,X01_PLX_T24_0001_000000,0.4310991270876693,17.0,False
7,X01_PLX_T24_0002_000000,0.46324553085104564,10.0,False
7,X01_PLX_T24_0007_000000,0.45791233625855243,11.0,False
8,X01_PLX_C24_0001_000000,0.4440863752911833,17.0,False
8,X01_PLX_C24_0002_000000,0.4278804398794604,19.0,False
8,X01_PLX_C24_0007_000000,0.44735005343228357,16.0,False
8,X01_PLX_C24_0008_000000,0.4787206008934253,9.0,False
8,X01_PLX_C24_0009_000000,0.4488154871556119,15.0,False
8,X01_PLX_C24_0010_000000,0.534689123235329,4.0,True
8,X01_PLX_C24_0014_000000,0.3991562488365377,25.0,False
8,X01_PLX_C24_0015_000000,0.4060337696052721,24.0,False
8,X01_PLX_C24_0018_000000,0.6281988985459552,1.0,True
8,X01_PLX_C24_0019_000000,0.4249557634739092,21.0,False
8,X01_PLX_C24_0020_000000,0.5170775159495642,5.0,False
8,X01_PLX_C24_0021_000000,0.4821408538171389,8.0,False
8,X01_PLX_C24_0022_000000,0.4870207927157314,7.0,False
8,X01_PLX_C24_0023_000000,0.4101419868461597,23.0,False
8,X01_PLX_C24_0024_000000,0.41458683098504573,22.0,False
8,X01_PLX_C24_0026_000000,0.46413918480209887,11.0,False
8,X01_PLX_G01_0002_000000,0.43154621967954987,18.0,False
8,X01_PLX_G01_0003_000000,0.5657674689439388,3.0,True
8,X01_PLX_G01_0004_000000,0.4542177055435684,13.0,False
8,X01_PLX_G01_0005_000000,0.42713775442975066,20.0,False
8,X01_PLX_G01_0006_000000,0.5883539873473513,2.0,True
8,X01_PLX_P01_0005_000000,0.5053204551847695,6.0,False
8,X01_PLX_T24_0001_000000,0.44953072050657383,14.0,False
8,X01_PLX_T24_0002_000000,0.46559330398267484,10.0,False
8,X01_PLX_T24_0007_000000,0.4626364620147355,12.0,False
9,X01_PLX_C24_0001_000000,0.43697158425076366,17.0,False
9,X01_PLX_C24_0002_000000,0.42656440615349694,20.0,False
9,X01_PLX_C24_0007_000000,0.4494180145421954,15.0,False
9,X01_PLX_C24_0008_000000,0.4835032991841885,8.0,False
9,X01_PLX_C24_0009_000000,0.4215597167192383,21.0,False
9,X01_PLX_C24_0010_000000,0.534633479330342,5.0,False
9,X01_PLX_C24_0014_000000,0.40141459205519375,23.0,False
9,X01_PLX_C24_0015_000000,0.3933501774588323,25.0,False
9,X01_PLX_C24_0018_000000,0.6185234348610912,1.0,True
9,X01_PLX_C24_0019_000000,0.4410957310331249,16.0,False
9,X01_PLX_C24_0020_000000,0.5393239552021174,4.0,True
9,X01_PLX_C24_0021_000000,0.4869539392582488,7.0,False
9,X01_PLX_C24_0022_000000,0.49227281301350645,6.0,False
9,X01_PLX_C24_0023_000000,0.39485053377323476,24.0,False
9,X01_PLX_C24_0024_000000,0.4058620310207276,22.0,False
9,X01_PLX_C24_0026_000000,0.45911976319871456,13.0,False
9,X01_PLX_G01_0002_000000,0.42781414095020603,19.0,False
9,X01_PLX_G01_0003_000000,0.567067887738399,3.0,True
9,X01_PLX_G01_0004_000000,0.45338283996307344,14.0,False
9,X01_PLX_G01_0005_000000,0.4356219441785041,18.0,False
9,X01_PLX_G01_0006_000000,0.5957568442884792,2.0,True
9,X01_PLX_P01_0005_000000,0.4830625060575733,9.0,False
9,X01_PLX_T24_0001_000000,0.45928601631531196,12.0,False
9,X01_PLX_T24_0002_000000,0.48077976293033986,10.0,False
9,X01_PLX_T24_0007_000000,0.46945972096441324,11.0,False
10,X01_PLX_C24_0001_000000,0.42329709012486705,19.0,False
10,X01_PLX_C24_0002_000000,0.4149546621665554,21.0,False
10,X01_PLX_C24_0007_000000,0.43409019696076806,15.0,False
10,X01_PLX_C24_0008_000000,0.49639466629575674,5.0,False
10,X01_PLX_C24_0009_000000,0.4235910941462,18.0,False
10,X01_PLX_C24_0010_000000,0.48760300914606125,6.0,False
10,X01_PLX_C24_0014_000000,0.3948673488175391,25.0,False
10,X01_PLX_C24_0015_000000,0.40491410450604837,22.0,False
10,X01_PLX_C24_0018_000000,0.6193152270036876,1.0,True
10,X01_PLX_C24_0019_000000,0.4208869342554266,20.0,False
10,X01_PLX_C24_0020_000000,0.5463890346058157,4.0,True
10,X01_PLX_C24_0021_000000,0.45824756480761014,12.0,False
10,X01_PLX_C24_0022_000000,0.469625815552741,8.0,False
10,X01_PLX_C24_0023_000000,0.39568940038240785,24.0,False
10,X01_PLX_C24_0024_000000,0.40090071726671717,23.0,False
10,X01_PLX_C24_0026_000000,0.44887616507985517,13.0,False
10,X01_PLX_G01_0002_000000,0.4328470327106663,16.0,False
10,X01_PLX_G01_0003_000000,0.5505484608947407,3.0,True
10,X01_PLX_G01_0004_000000,0.462120924328639,11.0,False
10,X01_PLX_G01_0005_000000,0.4314101147233593,17.0,False
10,X01_PLX_G01_0006_000000,0.6129518925812324,2.0,True
10,X01_PLX_P01_0005_000000,0.4870814339064823,7.0,False
10,X01_PLX_T24_0001_000000,0.44775000739247134,14.0,False
10,X01_PLX_T24_0002_000000,0.4642371706148963,10.0,False
10,X01_PLX_T24_0007_000000,0.46615571876704087,9.0,False
11,X01_PLX_C24_0001_000000,0.44611215094837287,14.0,False
11,X01_PLX_C24_0002_000000,0.42707754087476796,19.0,False
11,X01_PLX_C24_0007_000000,0.43673545360970945,17.0,False
11,X01_PLX_C24_0008_000000,0.4821863775241613,8.0,False
11,X01_PLX_C24_0009_000000,0.4444732913802061,15.0,False
11,X01_PLX_C24_0010_000000,0.5276713327613279,5.0,False
11,X01_PLX_C24_0014_000000,0.4090496128257039,23.0,False
11,X01_PLX_C24_0015_000000,0.3964197975434066,25.0,False
11,X01_PLX_C24_0018_000000,0.6233225244014715,1.0,True
11,X01_PLX_C24_0019_000000,0.42793119907052196,18.0,False
11,X01_PLX_C24_0020_000000,0.5300674960098237,4.0,True
11,X01_PLX_C24_0021_000000,0.48366046199522117,7.0,False
11,X01_PLX_C24_0022_000000,0.47275522064431685,10.0,False
11,X01_PLX_C24_0023_000000,0.4062659450027932,24.0,False
11,X01_PLX_C24_0024_000000,0.4159576322939241,22.0,False
11,X01_PLX_C24_0026_000000,0.4540381474620784,12.0,False
11,X01_PLX_G01_0002_000000,0.41698318111186056,21.0,False
11,X01_PLX_G01_0003_000000,0.5826820041982598,2.0,True
11,X01_PLX_G01_0004_000000,0.44132426350864695,16.0,False
11,X01_PLX_G01_0005_000000,0.4258783194545079,20.0,False
11,X01_PLX_G01_0006_000000,0.5767295957170774,3.0,True
11,X01_PLX_P01_0005_000000,0.49896481811745214,6.0,False
11,X01_PLX_T24_0001_000000,0.44629706055456847,13.0,False
11,X01_PLX_T24_0002_000000,0.46646309302403627,11.0,False
11,X01_PLX_T24_0007_000000,0.4784477722176317,9.0,False
12,X01_PLX_C24_0001_000000,0.44164207542710465,16.0,False
12,X01_PLX_C24_0002_000000,0.4189384658961198,21.0,False
12,X01_PLX_C24_0007_000000,0.4509199431591323,14.0,False
12,X01_PLX_C24_0008_000000,0.4638955791819231,11.0,False
12,X01_PLX_C24_0009_000000,0.435218129898121,18.0,False
12,X01_PLX_C24_0010_000000,0.5193236665363709,5.0,False
12,X01_PLX_C24_0014_000000,0.40005577640083656,24.0,False
12,X01_PLX_C24_0015_000000,0.39940938781246704,25.0,False
12,X01_PLX_C24_0018_000000,0.5880808538949001,3.0,True
12,X01_PLX_C24_0019_000000,0.42550452413382844,19.0,False
12,X01_PLX_C24_0020_000000,0.5217742174810533,4.0,True
12,X01_PLX_C24_0021_000000,0.4906907801797874,7.0,False
12,X01_PLX_C24_0022_000000,0.48781275795264284,8.0,False
12,X01_PLX_C24_0023_000000,0.4014175043860581,23.0,False
12,X01_PLX_C24_0024_000000,0.4047938060928637,22.0,False
12,X01_PLX_C24_0026_000000,0.45338047217644795,13.0,False
12,X01_PLX_G01_0002_000000,0.4399041885791934,17.0,False
12,X01_PLX_G01_0003_000000,0.5916545699560077,2.0,True
12,X01_PLX_G01_0004_000000,0.4591198275585779,12.0,False
12,X01_PLX_G01_0005_000000,0.4234254246714299,20.0,False
12,X01_PLX_G01_0006_000000,0.5979683532456149,1.0,True
12,X01_PLX_P01_0005_000000,0.500538096094628,6.0,False
12,X01_PLX_T24_0001_000000,0.44515122428206605,15.0,False
12,X01_PLX_T24_0002_000000,0.4825259757070354,9.0,False
12,X01_PLX_T24_0007_000000,0.47585432835753927,10.0,False
13,X01_PLX_C24_0001_000000,0.43831595708771737,16.0,False
13,X01_PLX_C24_0002_000000,0.4234072080557087,20.0,False
13,X01_PLX_C24_0007_000000,0.4358778485976452,17.0,False
13,X01_PLX_C24_0008_000000,0.47076814933560474,9.0,False
13,X01_PLX_C24_0009_000000,0.42801654938008166,18.0,False
13,X01_PLX_C24_0010_000000,0.536823737567572,4.0,True
13,X01_PLX_C24_0014_000000,0.39755607269937643,24.0,False
13,X01_PLX_C24_0015_000000,0.3986434361307091,23.0,False
13,X01_PLX_C24_0018_000000,0.5978397967684875,1.0,True
13,X01_PLX_C24_0019_000000,0.44009096394439534,15.0,False
13,X01_PLX_C24_0020_000000,0.5100792411947659,5.0,False
13,X01_PLX_C24_0021_000000,0.4839069776085978,7.0,False
13,X01_PLX_C24_0022_000000,0.46854677010245793,10.0,False
13,X01_PLX_C24_0023_000000,0.3959942762662129,25.0,False
13,X01_PLX_C24_0024_000000,0.4038289847294016,22.0,False
13,X01_PLX_C24_0026_000000,0.44424931813368695,14.0,False
13,X01_PLX_G01_0002_000000,0.4246785712585487,19.0,False
13,X01_PLX_G01_0003_000000,0.5492087789762501,3.0,True
13,X01_PLX_G01_0004_000000,0.4595340787814898,12.0,False
13,X01_PLX_G01_0005_000000,0.419220858091869,21.0,False
13,X01_PLX_G01_0006_000000,0.5834530200718687,2.0,True
13,X01_PLX_P01_0005_000000,0.5037479374535025,6.0,False
13,X01_PLX_T24_0001_000000,0.4462828485542918,13.0,False
13,X01_PLX_T24_0002_000000,0.47187900373931896,8.0,False
13,X01_PLX_T24_0007_000000,0.45954666060293475,11.0,False
14,X01_PLX_C24_0001_000000,0.43291240227899946,15.0,False
14,X01_PLX_C24_0002_000000,0.4210041951722811,17.0,False
14,X01_PLX_C24_0007_000000,0.43194497768227363,16.0,False
14,X01_PLX_C24_0008_000000,0.4728275859819087,8.0,False
14,X01_PLX_C24_0009_000000,0.41131747487241715,21.0,False
14,X01_PLX_C24_0010_000000,0.5022795955488312,6.0,False
14,X01_PLX_C24_0014_000000,0.39387237718343476,25.0,False
14,X01_PLX_C24_0015_000000,0.39387348842815634,24.0,False
14,X01_PLX_C24_0018_000000,0.5876001670483127,2.0,True
14,X01_PLX_C24_0019_000000,0.41968419819993924,18.0,False
14,X01_PLX_C24_0020_000000,0.5328746998803725,4.0,True
14,X01_PLX_C24_0021_000000,0.4681669665312173,10.0,False
14,X01_PLX_C24_0022_000000,0.48495084159509966,7.0,False
14,X01_PLX_C24_0023_000000,0.3972503243014375,23.0,False
14,X01_PLX_C24_0024_000000,0.4045470461501721,22.0,False
14,X01_PLX_C24_0026_000000,0.4533674276519586,12.0,False
14,X01_PLX_G01_0002_000000,0.4141924788203148,19.0,False
14,X01_PLX_G01_0003_000000,0.5793111822337759,3.0,True
14,X01_PLX_G01_0004_000000,0.4377174519180602,14.0,False
14,X01_PLX_G01_0005_000000,0.41273925740317347,20.0,False
14,X01_PLX_G01_0006_000000,0.5881078291649331,1.0,True
14,X01_PLX_P01_0005_000000,0.5135136429573428,5.0,False
14,X01_PLX_T24_0001_000000,0.43893298692771743,13.0,False
14,X01_PLX_T24_0002_000000,0.45506789645538864,11.0,False
14,X01_PLX_T24_0007_000000,0.47147731486064637,9.0,False
15,X01_PLX_C24_0001_000000,0.43854182836070965,17.0,False
15,X01_PLX_C24_0002_000000,0.422921071125705,20.0,False
15,X01_PLX_C24_0007_000000,0.4439799497068896,15.0,False
15,X01_PLX_C24_0008_000000,0.46485261315692944,11.0,False
15,X01_PLX_C24_0009_000000,0.44557362528501543,14.0,False
15,X01_PLX_C24_0010_000000,0.5378158525566293,4.0,True
15,X01_PLX_C24_0014_000000,0.3966263153569877,25.0,False
15,X01_PLX_C24_0015_000000,0.40054427475668614,23.0,False
15,X01_PLX_C24_0018_000000,0.6034304455867447,1.0,True
15,X01_PLX_C24_0019_000000,0.42718652967172904,18.0,False
15,X01_PLX_C24_0020_000000,0.5242036806469881,5.0,False
15,X01_PLX_C24_0021_000000,0.48653761960546366,6.0,False
15,X01_PLX_C24_0022_000000,0.4679849078798349,10.0,False
15,X01_PLX_C24_0023_000000,0.39713808302721826,24.0,False
15,X01_PLX_C24_0024_000000,0.40284468447652066,22.0,False
15,X01_PLX_C24_0026_000000,0.4601966232510364,12.0,False
15,X01_PLX_G01_0002_000000,0.42604058395858935,19.0,False
15,X01_PLX_G01_0003_000000,0.5617671679030826,3.0,True
15,X01_PLX_G01_0004_000000,0.45574383237759525,13.0,False
15,X01_PLX_G01_0005_000000,0.4164792286941372,21.0,False
15,X01_PLX_G01_0006_000000,0.5921502873213682,2.0,True
15,X01_PLX_P01_0005_000000,0.484763168098149,7.0,False
15,X01_PLX_T24_0001_000000,0.4431928544989769,16.0,False
15,X01_PLX_T24_0002_000000,0.4720912446582529,9.0,False
15,X01_PLX_T24_0007_000000,0.4827165234441423,8.0,False
16,X01_PLX_C24_0001_000000,0.4410430978235222,15.0,False
16,X01_PLX_C24_0002_000000,0.4240425058995774,21.0,False
16,X01_PLX_C24_0007_000000,0.4421471079009433,14.0,False
16,X01_PLX_C24_0008_000000,0.47287930520517635,8.0,False
16,X01_PLX_C24_0009_000000,0.4366317746900042,16.0,False
16,X01_PLX_C24_0010_000000,0.5502296498460085,4.0,True
16,X01_PLX_C24_0014_000000,0.4014131732873508,25.0,False
16,X01_PLX_C24_0015_000000,0.4032311161082248,24.0,False
16,X01_PLX_C24_0018_000000,0.6157249798327019,1.0,True
16,X01_PLX_C24_0019_000000,0.4284450541351566,18.0,False
16,X01_PLX_C24_0020_000000,0.5131761701239171,5.0,False
16,X01_PLX_C24_0021_000000,0.4870028318347375,6.0,False
16,X01_PLX_C24_0022_000000,0.47250732817315955,9.0,False
16,X01_PLX_C24_0023_000000,0.4049698411880651,23.0,False
16,X01_PLX_C24_0024_000000,0.4066929606663845,22.0,False
16,X01_PLX_C24_0026_000000,0.4464875655007538,13.0,False
16,X01_PLX_G01_0002_000000,0.42472544329599576,20.0,False
16,X01_PLX_G01_0003_000000,0.5737130315224315,3.0,True
16,X01_PLX_G01_0004_000000,0.45018936797267783,12.0,False
16,X01_PLX_G01_0005_000000,0.4262685569770139,19.0,False
16,X01_PLX_G01_0006_000000,0.5900436486558529,2.0,True
16,X01_PLX_P01_0005_000000,0.48557387370964517,7.0,False
16,X01_PLX_T24_0001_000000,0.43572036622264654,17.0,False
16,X01_PLX_T24_0002_000000,0.4702997454060248,10.0,False
16,X01_PLX_T24_0007_000000,0.46703329781047603,11.0,False
17,X01_PLX_C24_0001_000000,0.43017541283006877,19.0,False
17,X01_PLX_C24_0002_000000,0.4240790151284254,22.0,False
17,X01_PLX_C24_0007_000000,0.4438930265992741,14.0,False
17,X01_PLX_C24_0008_000000,0.4772281789215192,10.0,False
17,X01_PLX_C24_0009_000000,0.4393323656769976,16.0,False
17,X01_PLX_C24_0010_000000,0.5246381191075042,5.0,False
17,X01_PLX_C24_0014_000000,0.41755407092398605,25.0,False
17,X01_PLX_C24_0015_000000,0.419468575026984,24.0,False
17,X01_PLX_C24_0018_000000,0.6231030098964052,1.0,True
17,X01_PLX_C24_0019_000000,0.43777000461516175,17.0,False
17,X01_PLX_C24_0020_000000,0.5425519772325411,4.0,True
17,X01_PLX_C24_0021_000000,0.4882639030082877,8.0,False
17,X01_PLX_C24_0022_000000,0.48768827185832825,9.0,False
17,X01_PLX_C24_0023_000000,0.4230719065140667,23.0,False
17,X01_PLX_C24_0024_000000,0.42874994719532944,20.0,False
17,X01_PLX_C24_0026_000000,0.470555095459631,12.0,False
17,X01_PLX_G01_0002_000000,0.4285440589156226,21.0,False
17,X01_PLX_G01_0003_000000,0.5971921888281921,2.0,True
17,X01_PLX_G01_0004_000000,0.4483156919504969,13.0,False
17,X01_PLX_G01_0005_000000,0.43577998088096903,18.0,False
17,X01_PLX_G01_0006_000000,0.5958895017709751,3.0,True
17,X01_PLX_P01_0005_000000,0.5003859242487605,6.0,False
17,X01_PLX_T24_0001_000000,0.44373604898735786,15.0,False
17,X01_PLX_T24_0002_000000,0.47438576713954017,11.0,False
17,X01_PLX_T24_0007_000000,0.4972029303463176,7.0,False
18,X01_PLX_C24_0001_000000,0.4431893799124859,17.0,False
18,X01_PLX_C24_0002_000000,0.4452069031159586,16.0,False
18,X01_PLX_C24_0007_000000,0.4604650792479872,13.0,False
18,X01_PLX_C24_0008_000000,0.5008556239360157,6.0,False
18,X01_PLX_C24_0009_000000,0.44030375225039475,18.0,False
18,X01_PLX_C24_0010_000000,0.5122951566869113,5.0,False
18,X01_PLX_C24_0014_000000,0.4084942003305557,25.0,False
18,X01_PLX_C24_0015_000000,0.4103382902028896,24.0,False
18,X01_PLX_C24_0018_000000,0.6087617163830287,1.0,True
18,X01_PLX_C24_0019_000000,0.43209110968374487,21.0,False
18,X01_PLX_C24_0020_000000,0.5432795784856517,4.0,True
18,X01_PLX_C24_0021_000000,0.471017729845652,11.0,False
18,X01_PLX_C24_0022_000000,0.49173174628632715,8.0,False
18,X01_PLX_C24_0023_000000,0.4144914805649228,23.0,False
18,X01_PLX_C24_0024_000000,0.41863346504776255,22.0,False
18,X01_PLX_C24_0026_000000,0.45395900855928817,15.0,False
18,X01_PLX_G01_0002_000000,0.4332205380510349,20.0,False
18,X01_PLX_G01_0003_000000,0.593258392314391,2.0,True
18,X01_PLX_G01_0004_000000,0.4708314119085497,12.0,False
18,X01_PLX_G01_0005_000000,0.4371147652417946,19.0,False
18,X01_PLX_G01_0006_000000,0.5828619960583261,3.0,True
18,X01_PLX_P01_0005_000000,0.4922995157001947,7.0,False
18,X01_PLX_T24_0001_000000,0.454889603423231,14.0,False
18,X01_PLX_T24_0002_000000,0.4731705382145225,10.0,False
18,X01_PLX_T24_0007_000000,0.4819088535119162,9.0,False
19,X01_PLX_C24_0001_000000,0.44083155960747245,19.0,False
19,X01_PLX_C24_0002_000000,0.42996334243305384,21.0,False
19,X01_PLX_C24_0007_000000,0.4646433137144804,13.0,False
19,X01_PLX_C24_0008_000000,0.481607417857482,10.0,False
19,X01_PLX_C24_0009_000000,0.4499209761198709,16.0,False
19,X01_PLX_C24_0010_000000,0.5126852888279205,5.0,False
19,X01_PLX_C24_0014_000000,0.41582963076046564,22.0,False
19,X01_PLX_C24_0015_000000,0.4123557540412765,24.0,False
19,X01_PLX_C24_0018_000000,0.5705933797782404,3.0,True
19,X01_PLX_C24_0019_000000,0.4421856548658697,18.0,False
19,X01_PLX_C24_0020_000000,0.5275246605221069,4.0,True
19,X01_PLX_C24_0021_000000,0.4828618521626551,9.0,False
19,X01_PLX_C24_0022_000000,0.492145237610827,7.0,False
19,X01_PLX_C24_0023_000000,0.40281739454799254,25.0,False
19,X01_PLX_C24_0024_000000,0.414076086431829,23.0,False
19,X01_PLX_C24_0026_000000,0.4698067721640354,12.0,False
19,X01_PLX_G01_0002_000000,0.4333006305219484,20.0,False
19,X01_PLX_G01_0003_000000,0.5837036832118541,2.0,True
19,X01_PLX_G01_0004_000000,0.4549393373801843,15.0,False
19,X01_PLX_G01_0005_000000,0.4432242826518366,17.0,False
19,X01_PLX_G01_0006_000000,0.6223472348001965,1.0,True
19,X01_PLX_P01_0005_000000,0.5055655374632075,6.0,False
19,X01_PLX_T24_0001_000000,0.4642735752060234,14.0,False
19,X01_PLX_T24_0002_000000,0.4917880320983624,8.0,False
19,X01_PLX_T24_0007_000000,0.4777664461624581,11.0,False
20,X01_PLX_C24_0001_000000,0.4320927106804472,18.0,False
20,X01_PLX_C24_0002_000000,0.41757949731132893,22.0,False
20,X01_PLX_C24_0007_000000,0.44533378728450124,15.0,False
20,X01_PLX_C24_0008_000000,0.4772759124499962,10.0,False
20,X01_PLX_C24_0009_000000,0.4495277925060353,14.0,False
20,X01_PLX_C24_0010_000000,0.5197883953777226,5.0,False
20,X01_PLX_C24_0014_000000,0.4062343784583143,25.0,False
20,X01_PLX_C24_0015_000000,0.40724035593078156,24.0,False
20,X01_PLX_C24_0018_000000,0.6223037948445943,1.0,True
20,X01_PLX_C24_0019_000000,0.4260044857047021,20.0,False
20,X01_PLX_C24_0020_000000,0.5423487318478472,4.0,True
20,X01_PLX_C24_0021_000000,0.48015370574499616,9.0,False
20,X01_PLX_C24_0022_000000,0.49064404813283996,7.0,False
20,X01_PLX_C24_0023_000000,0.40921799148511057,23.0,False
20,X01_PLX_C24_0024_000000,0.41794030952029326,21.0,False
20,X01_PLX_C24_0026_000000,0.4605540410563721,12.0,False
20,X01_PLX_G01_0002_000000,0.43114257638480025,19.0,False
20,X01_PLX_G01_0003_000000,0.5744095741660348,3.0,True
20,X01_PLX_G01_0004_000000,0.4558407034420375,13.0,False
20,X01_PLX_G01_0005_000000,0.4373606102119893,17.0,False
20,X01_PLX_G01_0006_000000,0.5797276217499789,2.0,True
20,X01_PLX_P01_0005_000000,0.5183489179481284,6.0,False
20,X01_PLX_T24_0001_000000,0.44328212239504244,16.0,False
20,X01_PLX_T24_0002_000000,0.4803259745751164,8.0,False
20,X01_PLX_T24_0007_000000,0.4661725761568441,11.0,False
21,X01_PLX_C24_0001_000000,0.44672788282252074,13.0,False
21,X01_PLX_C24_0002_000000,0.4346127998767193,18.0,False
21,X01_PLX_C24_0007_000000,0.43553062427154965,17.0,False
21,X01_PLX_C24_0008_000000,0.46018626667657114,11.0,False
21,X01_PLX_C24_0009_000000,0.4435651665339684,15.0,False
21,X01_PLX_C24_0010_000000,0.5014242256459818,5.0,False
21,X01_PLX_C24_0014_000000,0.3995630100244122,22.0,False
21,X01_PLX_C24_0015_000000,0.3984267757134244,24.0,False
21,X01_PLX_C24_0018_000000,0.6311615255420742,1.0,True
21,X01_PLX_C24_0019_000000,0.4134634841520552,21.0,False
21,X01_PLX_C24_0020_000000,0.5227739347882316,4.0,True
21,X01_PLX_C24_0021_000000,0.4662388880409674,8.0,False
21,X01_PLX_C24_0022_000000,0.46796289064003804,7.0,False
21,X01_PLX_C24_0023_000000,0.3986178629796897,23.0,False
21,X01_PLX_C24_0024_000000,0.39316480662314474,25.0,False
21,X01_PLX_C24_0026_000000,0.4448729846769824,14.0,False
21,X01_PLX_G01_0002_000000,0.41768642380923376,20.0,False
21,X01_PLX_G01_0003_000000,0.5780044098359843,3.0,True
21,X01_PLX_G01_0004_000000,0.44302592098422305,16.0,False
21,X01_PLX_G01_0005_000000,0.42784783487569766,19.0,False
21,X01_PLX_G01_0006_000000,0.5976199013838129,2.0,True
21,X01_PLX_P01_0005_000000,0.48055537720655844,6.0,False
21,X01_PLX_T24_0001_000000,0.44773139246293475,12.0,False
21,X01_PLX_T24_0002_000000,0.464185541168224,10.0,False
21,X01_PLX_T24_0007_000000,0.46579535295394503,9.0,False
22,X01_PLX_C24_0001_000000,0.432855693734085,17.0,False
22,X01_PLX_C24_0002_000000,0.4118972817098234,24.0,False
22,X01_PLX_C24_0007_000000,0.4413500279112481,14.0,False
22,X01_PLX_C24_0008_000000,0.474372073431501,9.0,False
22,X01_PLX_C24_0009_000000,0.43301772760914126,16.0,False
22,X01_PLX_C24_0010_000000,0.5111549334952024,5.0,False
22,X01_PLX_C24_0014_000000,0.39605679350896017,25.0,False
22,X01_PLX_C24_0015_000000,0.4127290325123785,22.0,False
22,X01_PLX_C24_0018_000000,0.597544172901382,1.0,True
22,X01_PLX_C24_0019_000000,0.4231929584847828,20.0,False
22,X01_PLX_C24_0020_000000,0.5404104505144524,4.0,True
22,X01_PLX_C24_0021_000000,0.4948870809066879,6.0,False
22,X01_PLX_C24_0022_000000,0.4866757307587123,8.0,False
22,X01_PLX_C24_0023_000000,0.4124604639777317,23.0,False
22,X01_PLX_C24_0024_000000,0.4145273430861797,21.0,False
22,X01_PLX_C24_0026_000000,0.45581890657319574,13.0,False
22,X01_PLX_G01_0002_000000,0.42737771795380314,18.0,False
22,X01_PLX_G01_0003_000000,0.5648045384192932,2.0,True
22,X01_PLX_G01_0004_000000,0.45850140398679246,12.0,False
22,X01_PLX_G01_0005_000000,0.4251641279558288,19.0,False
22,X01_PLX_G01_0006_000000,0.5634710379937864,3.0,True
22,X01_PLX_P01_0005_000000,0.4948643115028203,7.0,False
22,X01_PLX_T24_0001_000000,0.43632597406978796,15.0,False
22,X01_PLX_T24_0002_000000,0.46266661527373587,11.0,False
22,X01_PLX_T24_0007_000000,0.4710116344968223,10.0,False
23,X01_PLX_C24_0001_000000,0.43212865934364875,17.0,False
23,X01_PLX_C24_0002_000000,0.424057203885111,19.0,False
23,X01_PLX_C24_0007_000000,0.43691151608222395,16.0,False
23,X01_PLX_C24_0008_000000,0.47973130110896955,9.0,False
23,X01_PLX_C24_0009_000000,0.4398434303556633,13.0,False
23,X01_PLX_C24_0010_000000,0.5283141426068517,4.0,True
23,X01_PLX_C24_0014_000000,0.4087538394652644,25.0,False
23,X01_PLX_C24_0015_000000,0.4109020543328704,23.0,False
23,X01_PLX_C24_0018_000000,0.6298462511688426,1.0,True
23,X01_PLX_C24_0019_000000,0.428856054313683,18.0,False
23,X01_PLX_C24_0020_000000,0.5213504805999709,5.0,False
23,X01_PLX_C24_0021_000000,0.5067458617068806,6.0,False
23,X01_PLX_C24_0022_000000,0.5013288928252472,7.0,False
23,X01_PLX_C24_0023_000000,0.4087827055799857,24.0,False
23,X01_PLX_C24_0024_000000,0.41507703255258743,22.0,False
23,X01_PLX_C24_0026_000000,0.44589871000444675,12.0,False
23,X01_PLX_G01_0002_000000,0.4239420661303527,20.0,False
23,X01_PLX_G01_0003_000000,0.5690699750845456,2.0,True
23,X01_PLX_G01_0004_000000,0.4395169035253696,14.0,False
23,X01_PLX_G01_0005_000000,0.41887940953560104,21.0,False
23,X01_PLX_G01_0006_000000,0.568987547403958,3.0,True
23,X01_PLX_P01_0005_000000,0.4901197740079746,8.0,False
23,X01_PLX_T24_0001_000000,0.4388784545732294,15.0,False
23,X01_PLX_T24_0002_000000,0.45844940321277217,11.0,False
23,X01_PLX_T24_0007_000000,0.4617775724181742,10.0,False
24,X01_PLX_C24_0001_000000,0.4406929421751188,16.0,False
24,X01_PLX_C24_0002_000000,0.4210010780724185,20.0,False
24,X01_PLX_C24_0007_000000,0.4526495667597257,14.0,False
24,X01_PLX_C24_0008_000000,0.4706584084571547,9.0,False
24,X01_PLX_C24_0009_000000,0.4368735342500565,17.0,False
24,X01_PLX_C24_0010_000000,0.5358197877155803,5.0,False
24,X01_PLX_C24_0014_000000,0.4013203189156032,25.0,False
24,X01_PLX_C24_0015_000000,0.4103009603060201,22.0,False
24,X01_PLX_C24_0018_000000,0.5832218266922186,2.0,True
24,X01_PLX_C24_0019_000000,0.43413570178354377,18.0,False
24,X01_PLX_C24_0020_000000,0.5445008722153925,4.0,True
24,X01_PLX_C24_0021_000000,0.48178273234769325,7.0,False
24,X01_PLX_C24_0022_000000,0.4688509395223944,11.0,False
24,X01_PLX_C24_0023_000000,0.40327797516684444,24.0,False
24,X01_PLX_C24_0024_000000,0.4102922796516861,23.0,False
24,X01_PLX_C24_0026_000000,0.45067736722401314,15.0,False
24,X01_PLX_G01_0002_000000,0.4297739890975759,19.0,False
24,X01_PLX_G01_0003_000000,0.5755152775424442,3.0,True
24,X01_PLX_G01_0004_000000,0.456241691813797,13.0,False
24,X01_PLX_G01_0005_000000,0.41766963400189927,21.0,False
24,X01_PLX_G01_0006_000000,0.6053638540786016,1.0,True
24,X01_PLX_P01_0005_000000,0.4979440183230085,6.0,False
24,X01_PLX_T24_0001_000000,0.4573973824461933,12.0,False
24,X01_PLX_T24_0002_000000,0.4691987765659544,10.0,False
24,X01_PLX_T24_0007_000000,0.47102042435234004,8.0,False
25,X01_PLX_C24_0001_000000,0.43498799021654994,16.0,False
25,X01_PLX_C24_0002_000000,0.42925682898828227,18.0,False
25,X01_PLX_C24_0007_000000,0.4499526880139732,12.0,False
25,X01_PLX_C24_0008_000000,0.46470175216352094,11.0,False
25,X01_PLX_C24_0009_000000,0.44813614676411373,14.0,False
25,X01_PLX_C24_0010_000000,0.535119944631452,4.0,True
25,X01_PLX_C24_0014_000000,0.39957198639806235,25.0,False
25,X01_PLX_C24_0015_000000,0.4027348494232199,24.0,False
25,X01_PLX_C24_0018_000000,0.5950495107212598,1.0,True
25,X01_PLX_C24_0019_000000,0.4143782187126798,21.0,False
25,X01_PLX_C24_0020_000000,0.5294274003224785,5.0,False
25,X01_PLX_C24_0021_000000,0.478543140268914,7.0,False
25,X01_PLX_C24_0022_000000,0.4722104511469641,9.0,False
25,X01_PLX_C24_0023_000000,0.40762736117877246,22.0,False
25,X01_PLX_C24_0024_000000,0.4039980043284079,23.0,False
25,X01_PLX_C24_0026_000000,0.4496797742494645,13.0,False
25,X01_PLX_G01_0002_000000,0.42489381547080624,19.0,False
25,X01_PLX_G01_0003_000000,0.5822800644457183,3.0,True
25,X01_PLX_G01_0004_000000,0.4329198447951711,17.0,False
25,X01_PLX_G01_0005_000000,0.42409038799042037,20.0,False
25,X01_PLX_G01_0006_000000,0.589702614488699,2.0,True
25,X01_PLX_P01_0005_000000,0.4648964490232272,10.0,False
25,X01_PLX_T24_0001_000000,0.44807872178153096,15.0,False
25,X01_PLX_T24_0002_000000,0.4901003049818269,6.0,False
25,X01_PLX_T24_0007_000000,0.4769048447497261,8.0,False
26,X01_PLX_C24_0001_000000,0.4335322361591027,18.0,False
26,X01_PLX_C24_0002_000000,0.42872387931145367,21.0,False
26,X01_PLX_C24_0007_000000,0.4537707676035,14.0,False
26,X01_PLX_C24_0008_000000,0.49857897161386033,7.0,False
26,X01_PLX_C24_0009_000000,0.43951465285605773,16.0,False
26,X01_PLX_C24_0010_000000,0.537934751899997,4.0,True
26,X01_PLX_C24_0014_000000,0.41323601520441955,24.0,False
26,X01_PLX_C24_0015_000000,0.4059308141768418,25.0,False
26,X01_PLX_C24_0018_000000,0.5843366984404325,2.0,True
26,X01_PLX_C24_0019_000000,0.4326803999659076,19.0,False
26,X01_PLX_C24_0020_000000,0.5111630276109875,6.0,False
26,X01_PLX_C24_0021_000000,0.4685278887498867,12.0,False
26,X01_PLX_C24_0022_000000,0.48004528353772086,9.0,False
26,X01_PLX_C24_0023_000000,0.4204167333088884,22.0,False
26,X01_PLX_C24_0024_000000,0.4171892988060275,23.0,False
26,X01_PLX_C24_0026_000000,0.4592748210476902,13.0,False
26,X01_PLX_G01_0002_000000,0.4419322111371548,15.0,False
26,X01_PLX_G01_0003_000000,0.5928906897966942,1.0,True
26,X01_PLX_G01_0004_000000,0.4719628818732504,11.0,False
26,X01_PLX_G01_0005_000000,0.4342468690416048,17.0,False
26,X01_PLX_G01_0006_000000,0.5716716403242402,3.0,True
26,X01_PLX_P01_0005_000000,0.5260776369331077,5.0,False
26,X01_PLX_T24_0001_000000,0.4320314842393181,20.0,False
26,X01_PLX_T24_0002_000000,0.48385580589628363,8.0,False
26,X01_PLX_T24_0007_000000,0.4773145940939804,10.0,False
27,X01_PLX_C24_0001_000000,0.43497443350610915,16.0,False
27,X01_PLX_C24_0002_000000,0.42200507514579666,21.0,False
27,X01_PLX_C24_0007_000000,0.43788034271682585,14.0,False
27,X01_PLX_C24_0008_000000,0.4823233602855279,8.0,False
27,X01_PLX_C24_0009_000000,0.4310915656481422,19.0,False
27,X01_PLX_C24_0010_000000,0.5240264602686242,4.0,True
27,X01_PLX_C24_0014_000000,0.41691064497929636,23.0,False
27,X01_PLX_C24_0015_000000,0.42368241950943175,20.0,False
27,X01_PLX_C24_0018_000000,0.6175352774645168,1.0,True
27,X01_PLX_C24_0019_000000,0.43386014078741114,17.0,False
27,X01_PLX_C24_0020_000000,0.5175285389732501,5.0,False
27,X01_PLX_C24_0021_000000,0.49705282595735417,6.0,False
27,X01_PLX_C24_0022_000000,0.47572342211128177,9.0,False
27,X01_PLX_C24_0023_000000,0.4174954084102528,22.0,False
27,X01_PLX_C24_0024_000000,0.43194145684059154,18.0,False
27,X01_PLX_C24_0026_000000,0.4527491211117618,11.0,False
27,X01_PLX_G01_0002_000000,0.41129262242796744,24.0,False
27,X01_PLX_G01_0003_000000,0.5680461548521331,3.0,True
27,X01_PLX_G01_0004_000000,0.4379739025410799,13.0,False
27,X01_PLX_G01_0005_000000,0.4096609577612084,25.0,False
27,X01_PLX_G01_0006_000000,0.5889493625736731,2.0,True
27,X01_PLX_P01_0005_000000,0.49035430455553153,7.0,False
27,X01_PLX_T24_0001_000000,0.43651452061942797,15.0,False
27,X01_PLX_T24_0002_000000,0.4508096247782196,12.0,False
27,X01_PLX_T24_0007_000000,0.4686495348042362,10.0,False
28,X01_PLX_C24_0001_000000,0.4353640275878512,17.0,False
28,X01_PLX_C24_0002_000000,0.4164589834532993,20.0,False
28,X01_PLX_C24_0007_000000,0.4396875017927856,16.0,False
28,X01_PLX_C24_0008_000000,0.4788620111115363,7.0,False
28,X01_PLX_C24_0009_000000,0.43225276472542035,18.0,False
28,X01_PLX_C24_0010_000000,0.5194576829823959,5.0,False
28,X01_PLX_C24_0014_000000,0.3936153260474392,24.0,False
28,X01_PLX_C24_0015_000000,0.40160588389515334,23.0,False
28,X01_PLX_C24_0018_000000,0.6097154534842195,2.0,True
28,X01_PLX_C24_0019_000000,0.44268870317737335,14.0,False
28,X01_PLX_C24_0020_000000,0.5384242326404703,4.0,True
28,X01_PLX_C24_0021_000000,0.47413788029132053,8.0,False
28,X01_PLX_C24_0022_000000,0.47188486604833113,9.0,False
28,X01_PLX_C24_0023_000000,0.3910525023053396,25.0,False
28,X01_PLX_C24_0024_000000,0.4058927949094323,22.0,False
28,X01_PLX_C24_0026_000000,0.44756380301789167,12.0,False
28,X01_PLX_G01_0002_000000,0.4302323948095312,19.0,False
28,X01_PLX_G01_0003_000000,0.5798537208918865,3.0,True
28,X01_PLX_G01_0004_000000,0.43983080063825275,15.0,False
28,X01_PLX_G01_0005_000000,0.41321408439601626,21.0,False
28,X01_PLX_G01_0006_000000,0.6111887573631756,1.0,True
28,X01_PLX_P01_0005_000000,0.5026271710460427,6.0,False
28,X01_PLX_T24_0001_000000,0.4441640226846408,13.0,False
28,X01_PLX_T24_0002_000000,0.45849352011581035,11.0,False
28,X01_PLX_T24_0007_000000,0.4652603163478728,10.0,False
29,X01_PLX_C24_0001_000000,0.431478361275194,18.0,False
29,X01_PLX_C24_0002_000000,0.41782929903293,20.0,False
29,X01_PLX_C24_0007_000000,0.4375094490421931,14.0,False
29,X01_PLX_C24_0008_000000,0.47771315628887584,9.0,False
29,X01_PLX_C24_0009_000000,0.43212915516967215,17.0,False
29,X01_PLX_C24_0010_000000,0.508568428362735,5.0,False
29,X01_PLX_C24_0014_000000,0.4004328548396353,25.0,False
29,X01_PLX_C24_0015_000000,0.4061365051956027,24.0,False
29,X01_PLX_C24_0018_000000,0.6093575873704293,1.0,True
29,X01_PLX_C24_0019_000000,0.4343102485199641,15.0,False
29,X01_PLX_C24_0020_000000,0.5195653766938122,4.0,True
29,X01_PLX_C24_0021_000000,0.49624389387118845,6.0,False
29,X01_PLX_C24_0022_000000,0.4792745928879648,8.0,False
29,X01_PLX_C24_0023_000000,0.407645139227735,23.0,False
29,X01_PLX_C24_0024_000000,0.4090407089665866,22.0,False
29,X01_PLX_C24_0026_000000,0.44789449548943056,12.0,False
29,X01_PLX_G01_0002_000000,0.42174615555067935,19.0,False
29,X01_PLX_G01_0003_000000,0.5789320281681459,2.0,True
29,X01_PLX_G01_0004_000000,0.43418584789437736,16.0,False
29,X01_PLX_G01_0005_000000,0.4144838790613269,21.0,False
29,X01_PLX_G01_0006_000000,0.5623193678666104,3.0,True
29,X01_PLX_P01_0005_000000,0.4916127432061714,7.0,False
29,X01_PLX_T24_0001_000000,0.4473575195086292,13.0,False
29,X01_PLX_T24_0002_000000,0.4533496153560217,11.0,False
29,X01_PLX_T24_0007_000000,0.47409455771935743,10.0,False
30,X01_PLX_C24_0001_000000,0.4417023657417622,15.0,False
30,X01_PLX_C24_0002_000000,0.4255786134427036,18.0,False
30,X01_PLX_C24_0007_000000,0.4288633620061583,17.0,False
30,X01_PLX_C24_0008_000000,0.5032615373033924,6.0,False
30,X01_PLX_C24_0009_000000,0.44950855472330903,14.0,False
30,X01_PLX_C24_0010_000000,0.5433743811981346,5.0,False
30,X01_PLX_C24_0014_000000,0.4038346826845637,24.0,False
30,X01_PLX_C24_0015_000000,0.4096454015599906,22.0,False
30,X01_PLX_C24_0018_000000,0.6001495610055096,1.0,True
30,X01_PLX_C24_0019_000000,0.42357947032916116,19.0,False
30,X01_PLX_C24_0020_000000,0.5455725786219725,4.0,True
30,X01_PLX_C24_0021_000000,0.49290565707240225,8.0,False
30,X01_PLX_C24_0022_000000,0.4793040841011756,9.0,False
30,X01_PLX_C24_0023_000000,0.40045697274346675,25.0,False
30,X01_PLX_C24_0024_000000,0.4063487431754591,23.0,False
30,X01_PLX_C24_0026_000000,0.45854080301453387,13.0,False
30,X01_PLX_G01_0002_000000,0.4147138611498002,21.0,False
30,X01_PLX_G01_0003_000000,0.5464207051764269,3.0,True
30,X01_PLX_G01_0004_000000,0.46762088394457146,11.0,False
30,X01_PLX_G01_0005_000000,0.4230434357953396,20.0,False
30,X01_PLX_G01_0006_000000,0.579966654010752,2.0,True
30,X01_PLX_P01_0005_000000,0.4991836999335378,7.0,False
30,X01_PLX_T24_0001_000000,0.4321240480241801,16.0,False
30,X01_PLX_T24_0002_000000,0.46483762804364365,12.0,False
30,X01_PLX_T24_0007_000000,0.4716527786813535,10.0,False
31,X01_PLX_C24_0001_000000,0.44845029649433227,18.0,False
31,X01_PLX_C24_0002_000000,0.4393363909651551,19.0,False
31,X01_PLX_C24_0007_000000,0.45543595945379883,15.0,False
31,X01_PLX_C24_0008_000000,0.49375160540686114,6.0,False
31,X01_PLX_C24_0009_000000,0.4592645012144606,14.0,False
31,X01_PLX_C24_0010_000000,0.5318986153466999,5.0,False
31,X01_PLX_C24_0014_000000,0.41525585351489885,23.0,False
31,X01_PLX_C24_0015_000000,0.40981745599080494,25.0,False
31,X01_PLX_C24_0018_000000,0.6081181293833157,1.0,True
31,X01_PLX_C24_0019_000000,0.4490195149491073,17.0,False
31,X01_PLX_C24_0020_000000,0.5447695264115563,4.0,True
31,X01_PLX_C24_0021_000000,0.47720360315460325,9.0,False
31,X01_PLX_C24_0022_000000,0.4665439963493001,11.0,False
31,X01_PLX_C24_0023_000000,0.41459788630527256,24.0,False
31,X01_PLX_C24_0024_000000,0.4296447715473476,22.0,False
31,X01_PLX_C24_0026_000000,0.4547767883872099,16.0,False
31,X01_PLX_G01_0002_000000,0.4322983471781129,21.0,False
31,X01_PLX_G01_0003_000000,0.5833098612282018,2.0,True
31,X01_PLX_G01_0004_000000,0.4617041462999009,13.0,False
31,X01_PLX_G01_0005_000000,0.4340785018040843,20.0,False
31,X01_PLX_G01_0006_000000,0.5666897512143692,3.0,True
31,X01_PLX_P01_0005_000000,0.4911775629119084,8.0,False
31,X01_PLX_T24_0001_000000,0.46237171016516143,12.0,False
31,X01_PLX_T24_0002_000000,0.470828020598447,10.0,False
31,X01_PLX_T24_0007_000000,0.49237993309967726,7.0,False
32,X01_PLX_C24_0001_000000,0.42397325255370893,18.0,False
32,X01_PLX_C24_0002_000000,0.4172535958671085,20.0,False
32,X01_PLX_C24_0007_000000,0.4304696460896224,14.0,False
32,X01_PLX_C24_0008_000000,0.46588250705539674,9.0,False
32,X01_PLX_C24_0009_000000,0.4271065817733852,17.0,False
32,X01_PLX_C24_0010_000000,0.5308593716650248,5.0,False
32,X01_PLX_C24_0014_000000,0.4015747193096084,25.0,False
32,X01_PLX_C24_0015_000000,0.4070533184181012,23.0,False
32,X01_PLX_C24_0018_000000,0.6044769721318896,2.0,True
32,X01_PLX_C24_0019_000000,0.4289023678182643,16.0,False
32,X01_PLX_C24_0020_000000,0.5432597643083165,4.0,True
32,X01_PLX_C24_0021_000000,0.457750034947913,10.0,False
32,X01_PLX_C24_0022_000000,0.4746498485118415,7.0,False
32,X01_PLX_C24_0023_000000,0.40403138997493115,24.0,False
32,X01_PLX_C24_0024_000000,0.42004844070184366,19.0,False
32,X01_PLX_C24_0026_000000,0.43630183909383263,13.0,False
32,X01_PLX_G01_0002_000000,0.40830709135226734,21.0,False
32,X01_PLX_G01_0003_000000,0.5869329641565212,3.0,True
32,X01_PLX_G01_0004_000000,0.4496515047992857,11.0,False
32,X01_PLX_G01_0005_000000,0.40793462227276933,22.0,False
32,X01_PLX_G01_0006_000000,0.6158619711440863,1.0,True
32,X01_PLX_P01_0005_000000,0.47600862369122643,6.0,False
32,X01_PLX_T24_0001_000000,0.42934490949962306,15.0,False
32,X01_PLX_T24_0002_000000,0.44940366649479674,12.0,False
32,X01_PLX_T24_0007_000000,0.47077132074055855,8.0,False
33,X01_PLX_C24_0001_000000,0.43412789382977585,14.0,False
33,X01_PLX_C24_0002_000000,0.42291740870504585,20.0,False
33,X01_PLX_C24_0007_000000,0.4415710254767636,12.0,False
33,X01_PLX_C24_0008_000000,0.48273167653513693,7.0,False
33,X01_PLX_C24_0009_000000,0.42505924058829586,19.0,False
33,X01_PLX_C24_0010_000000,0.5357575243476317,4.0,True
33,X01_PLX_C24_0014_000000,0.39805861868547776,25.0,False
33,X01_PLX_C24_0015_000000,0.39930745178613697,24.0,False
33,X01_PLX_C24_0018_000000,0.5781258050950403,3.0,True
33,X01_PLX_C24_0019_000000,0.42236211458788486,21.0,False
33,X01_PLX_C24_0020_000000,0.5279565177610652,5.0,False
33,X01_PLX_C24_0021_000000,0.46922388001964843,9.0,False
33,X01_PLX_C24_0022_000000,0.4694506760631099,8.0,False
33,X01_PLX_C24_0023_000000,0.4074840943907582,23.0,False
33,X01_PLX_C24_0024_000000,0.41192468880717664,22.0,False
33,X01_PLX_C24_0026_000000,0.434233135298312,13.0,False
33,X01_PLX_G01_0002_000000,0.4265517335925236,18.0,False
33,X01_PLX_G01_0003_000000,0.5824369954544368,2.0,True
33,X01_PLX_G01_0004_000000,0.43396427724857334,15.0,False
33,X01_PLX_G01_0005_000000,0.428144792343543,17.0,False
33,X01_PLX_G01_0006_000000,0.5933989255230828,1.0,True
33,X01_PLX_P01_0005_000000,0.487623560618558,6.0,False
33,X01_PLX_T24_0001_000000,0.4335840221118675,16.0,False
33,X01_PLX_T24_0002_000000,0.4562140764178374,10.0,False
33,X01_PLX_T24_0007_000000,0.45334324166691004,11.0,False
34,X01_PLX_C24_0001_000000,0.4453540918629683,16.0,False
34,X01_PLX_C24_0002_000000,0.4273016194683385,21.0,False
34,X01_PLX_C24_0007_000000,0.4509695714115707,14.0,False
34,X01_PLX_C24_0008_000000,0.501070084681475,6.0,False
34,X01_PLX_C24_0009_000000,0.4384282932156379,18.0,False
34,X01_PLX_C24_0010_000000,0.49234741405784105,7.0,False
34,X01_PLX_C24_0014_000000,0.4041524777123839,25.0,False
34,X01_PLX_C24_0015_000000,0.4127785238481734,23.0,False
34,X01_PLX_C24_0018_000000,0.6143121359343202,1.0,True
34,X01_PLX_C24_0019_000000,0.4299767708487852,20.0,False
34,X01_PLX_C24_0020_000000,0.5427914511436382,4.0,True
34,X01_PLX_C24_0021_000000,0.4717397978514994,8.0,False
34,X01_PLX_C24_0022_000000,0.46400352063889805,11.0,False
34,X01_PLX_C24_0023_000000,0.40504115886434233,24.0,False
34,X01_PLX_C24_0024_000000,0.41871023900293375,22.0,False
34,X01_PLX_C24_0026_000000,0.4616098023337838,12.0,False
34,X01_PLX_G01_0002_000000,0.43390344880667375,19.0,False
34,X01_PLX_G01_0003_000000,0.5605470787535722,3.0,True
34,X01_PLX_G01_0004_000000,0.45507221442759427,13.0,False
34,X01_PLX_G01_0005_000000,0.4401101565446306,17.0,False
34,X01_PLX_G01_0006_000000,0.5794478344534334,2.0,True
34,X01_PLX_P01_0005_000000,0.5118609657529939,5.0,False
34,X01_PLX_T24_0001_000000,0.4489312572253012,15.0,False
34,X01_PLX_T24_0002_000000,0.4687868172980057,10.0,False
34,X01_PLX_T24_0007_000000,0.47166943940173894,9.0,False
35,X01_PLX_C24_0001_000000,0.43063270362640693,17.0,False
35,X01_PLX_C24_0002_000000,0.4044288679157461,23.0,False
35,X01_PLX_C24_0007_000000,0.4550994497042047,13.0,False
35,X01_PLX_C24_0008_000000,0.49735482417529125,7.0,False
35,X01_PLX_C24_0009_000000,0.4292287816158448,18.0,False
35,X01_PLX_C24_0010_000000,0.5234936307402422,5.0,False
35,X01_PLX_C24_0014_000000,0.39958496555952083,25.0,False
35,X01_PLX_C24_0015_000000,0.4024823606287713,24.0,False
35,X01_PLX_C24_0018_000000,0.6003373508510979,1.0,True
35,X01_PLX_C24_0019_000000,0.42366562004061514,20.0,False
35,X01_PLX_C24_0020_000000,0.5526353624938073,4.0,True
35,X01_PLX_C24_0021_000000,0.48746863019016967,9.0,False
35,X01_PLX_C24_0022_000000,0.4747020822028255,11.0,False
35,X01_PLX_C24_0023_000000,0.4054859759926442,22.0,False
35,X01_PLX_C24_0024_000000,0.4121893428755702,21.0,False
35,X01_PLX_C24_0026_000000,0.44801876829632775,14.0,False
35,X01_PLX_G01_0002_000000,0.43424329177331256,15.0,False
35,X01_PLX_G01_0003_000000,0.5721543870141779,2.0,True
35,X01_PLX_G01_0004_000000,0.46930925279673097,12.0,False
35,X01_PLX_G01_0005_000000,0.4268774706726489,19.0,False
35,X01_PLX_G01_0006_000000,0.5642420634839013,3.0,True
35,X01_PLX_P01_0005_000000,0.5039980731749664,6.0,False
35,X01_PLX_T24_0001_000000,0.43293203312196243,16.0,False
35,X01_PLX_T24_0002_000000,0.4866434616217266,10.0,False
35,X01_PLX_T24_0007_000000,0.4888317875356187,8.0,False
36,X01_PLX_C24_0001_000000,0.443365594733298,15.0,False
36,X01_PLX_C24_0002_000000,0.42705732092410104,20.0,False
36,X01_PLX_C24_0007_000000,0.43298593868352475,17.0,False
36,X01_PLX_C24_0008_000000,0.48337207391517195,7.0,False
36,X01_PLX_C24_0009_000000,0.42833245080358745,19.0,False
36,X01_PLX_C24_0010_000000,0.49750050849684546,6.0,False
36,X01_PLX_C24_0014_000000,0.4009849843767023,24.0,False
36,X01_PLX_C24_0015_000000,0.4058213129073528,23.0,False
36,X01_PLX_C24_0018_000000,0.6180753118627339,1.0,True
36,X01_PLX_C24_0019_000000,0.4465548019364421,14.0,False
36,X01_PLX_C24_0020_000000,0.5288006263493623,4.0,True
36,X01_PLX_C24_0021_000000,0.46508225979040313,12.0,False
36,X01_PLX_C24_0022_000000,0.479193562136063,8.0,False
36,X01_PLX_C24_0023_000000,0.40050084160240773,25.0,False
36,X01_PLX_C24_0024_000000,0.4130290924391269,22.0,False
36,X01_PLX_C24_0026_000000,0.4707977052883082,10.0,False
36,X01_PLX_G01_0002_000000,0.4216152700042845,21.0,False
36,X01_PLX_G01_0003_000000,0.591537393510229,2.0,True
36,X01_PLX_G01_0004_000000,0.452647355623328,13.0,False
36,X01_PLX_G01_0005_000000,0.4323653018868078,18.0,False
36,X01_PLX_G01_0006_000000,0.5811897700494165,3.0,True
36,X01_PLX_P01_0005_000000,0.5048573941426744,5.0,False
36,X01_PLX_T24_0001_000000,0.4375906452103594,16.0,False
36,X01_PLX_T24_0002_000000,0.4713067817097333,9.0,False
36,X01_PLX_T24_0007_000000,0.4695964223842652,11.0,False
37,X01_PLX_C24_0001_000000,0.4252503923305849,17.0,False
37,X01_PLX_C24_0002_000000,0.4154448442097669,19.0,False
37,X01_PLX_C24_0007_000000,0.44750934235159,12.0,False
37,X01_PLX_C24_0008_000000,0.5067490163591655,6.0,False
37,X01_PLX_C24_0009_000000,0.4294820513543543,16.0,False
37,X01_PLX_C24_0010_000000,0.5353574216378224,5.0,False
37,X01_PLX_C24_0014_000000,0.3983988930876088,25.0,False
37,X01_PLX_C24_0015_000000,0.40166502122858955,24.0,False
37,X01_PLX_C24_0018_000000,0.5921168093141221,2.0,True
37,X01_PLX_C24_0019_000000,0.4149649542761969,20.0,False
37,X01_PLX_C24_0020_000000,0.5378973136533849,4.0,True
37,X01_PLX_C24_0021_000000,0.4887933661565027,8.0,False
37,X01_PLX_C24_0022_000000,0.49168298775360786,7.0,False
37,X01_PLX_C24_0023_000000,0.4031520047100743,23.0,False
37,X01_PLX_C24_0024_000000,0.4113867855661123,22.0,False
37,X01_PLX_C24_0026_000000,0.4390338515091626,15.0,False
37,X01_PLX_G01_0002_000000,0.4147629142921493,21.0,False
37,X01_PLX_G01_0003_000000,0.5712460561443011,3.0,True
37,X01_PLX_G01_0004_000000,0.44476128650301155,13.0,False
37,X01_PLX_G01_0005_000000,0.42121997512986525,18.0,False
37,X01_PLX_G01_0006_000000,0.5993293825796128,1.0,True
37,X01_PLX_P01_0005_000000,0.4763644082553511,9.0,False
37,X01_PLX_T24_0001_000000,0.44124024089176767,14.0,False
37,X01_PLX_T24_0002_000000,0.4560775641203806,11.0,False
37,X01_PLX_T24_0007_000000,0.4582825553590944,10.0,False
38,X01_PLX_C24_0001_000000,0.4419848932013255,16.0,False
38,X01_PLX_C24_0002_000000,0.42852092208549103,21.0,False
38,X01_PLX_C24_0007_000000,0.44967164513738805,13.0,False
38,X01_PLX_C24_0008_000000,0.4704551630659214,11.0,False
38,X01_PLX_C24_0009_000000,0.43688617896548476,17.0,False
38,X01_PLX_C24_0010_000000,0.5107775129130616,6.0,False
38,X01_PLX_C24_0014_000000,0.4121621128278172,23.0,False
38,X01_PLX_C24_0015_000000,0.40983834785025985,25.0,False
38,X01_PLX_C24_0018_000000,0.6041760852096881,1.0,True
38,X01_PLX_C24_0019_000000,0.4356142908198994,19.0,False
38,X01_PLX_C24_0020_000000,0.5307505153952256,4.0,True
38,X01_PLX_C24_0021_000000,0.4710447269794797,10.0,False
38,X01_PLX_C24_0022_000000,0.47489691654156113,9.0,False
38,X01_PLX_C24_0023_000000,0.41027597845177427,24.0,False
38,X01_PLX_C24_0024_000000,0.41986418643677303,22.0,False
38,X01_PLX_C24_0026_000000,0.446897033369161,15.0,False
38,X01_PLX_G01_0002_000000,0.43105988360974684,20.0,False
38,X01_PLX_G01_0003_000000,0.5791870077674143,2.0,True
38,X01_PLX_G01_0004_000000,0.4485391588664191,14.0,False
38,X01_PLX_G01_0005_000000,0.43630934472296357,18.0,False
38,X01_PLX_G01_0006_000000,0.5710909842162194,3.0,True
38,X01_PLX_P01_0005_000000,0.5140148034620801,5.0,False
38,X01_PLX_T24_0001_000000,0.45636263137149574,12.0,False
38,X01_PLX_T24_0002_000000,0.4986391209352055,7.0,False
38,X01_PLX_T24_0007_000000,0.480616424644687,8.0,False
39,X01_PLX_C24_0001_000000,0.42850058015422837,18.0,False
39,X01_PLX_C24_0002_000000,0.41999605494636677,21.0,False
39,X01_PLX_C24_0007_000000,0.45305960160237285,13.0,False
39,X01_PLX_C24_0008_000000,0.49731128070035,7.0,False
39,X01_PLX_C24_0009_000000,0.4533926328114187,12.0,False
39,X01_PLX_C24_0010_000000,0.5259772243607702,5.0,False
39,X01_PLX_C24_0014_000000,0.39757493130614824,24.0,False
39,X01_PLX_C24_0015_000000,0.39804847269508503,23.0,False
39,X01_PLX_C24_0018_000000,0.6038684451927356,1.0,True
39,X01_PLX_C24_0019_000000,0.4275135430635589,20.0,False
39,X01_PLX_C24_0020_000000,0.5474612041209921,4.0,True
39,X01_PLX_C24_0021_000000,0.4829247141213524,8.0,False
39,X01_PLX_C24_0022_000000,0.4604783172056191,11.0,False
39,X01_PLX_C24_0023_000000,0.3893180821441934,25.0,False
39,X01_PLX_C24_0024_000000,0.40729123321233557,22.0,False
39,X01_PLX_C24_0026_000000,0.43780078912373116,15.0,False
39,X01_PLX_G01_0002_000000,0.42771669388371386,19.0,False
39,X01_PLX_G01_0003_000000,0.5672275050641238,3.0,True
39,X01_PLX_G01_0004_000000,0.46355266885918706,10.0,False
39,X01_PLX_G01_0005_000000,0.43192270601947613,17.0,False
39,X01_PLX_G01_0006_000000,0.5862658433694382,2.0,True
39,X01_PLX_P01_0005_000000,0.5016205137563574,6.0,False
39,X01_PLX_T24_0001_000000,0.43718865231381066,16.0,False
39,X01_PLX_T24_0002_000000,0.474727855729741,9.0,False
39,X01_PLX_T24_0007_000000,0.44941047594924893,14.0,False
40,X01_PLX_C24_0001_000000,0.4640072913951699,11.0,False
40,X01_PLX_C24_0002_000000,0.446204077504618,17.0,False
40,X01_PLX_C24_0007_000000,0.45444751806314293,15.0,False
40,X01_PLX_C24_0008_000000,0.48922745922303407,8.0,False
40,X01_PLX_C24_0009_000000,0.4395847265035523,19.0,False
40,X01_PLX_C24_0010_000000,0.5106367577561386,5.0,False
40,X01_PLX_C24_0014_000000,0.39913804875901887,25.0,False
40,X01_PLX_C24_0015_000000,0.40032068955736055,24.0,False
40,X01_PLX_C24_0018_000000,0.6032050064336312,1.0,True
40,X01_PLX_C24_0019_000000,0.42128531367247823,21.0,False
40,X01_PLX_C24_0020_000000,0.5145501029540893,4.0,True
40,X01_PLX_C24_0021_000000,0.47165860283051475,10.0,False
40,X01_PLX_C24_0022_000000,0.46343826465630206,13.0,False
40,X01_PLX_C24_0023_000000,0.40106378747315613,23.0,False
40,X01_PLX_C24_0024_000000,0.4047623401546017,22.0,False
40,X01_PLX_C24_0026_000000,0.45100867538062933,16.0,False
40,X01_PLX_G01_0002_000000,0.445366234391165,18.0,False
40,X01_PLX_G01_0003_000000,0.5700739215898389,3.0,True
40,X01_PLX_G01_0004_000000,0.4598253229830415,14.0,False
40,X01_PLX_G01_0005_000000,0.4376028829853819,20.0,False
40,X01_PLX_G01_0006_000000,0.6024710575606231,2.0,True
40,X01_PLX_P01_0005_000000,0.5013548488352689,6.0,False
40,X01_PLX_T24_0001_000000,0.46395818152489154,12.0,False
40,X01_PLX_T24_0002_000000,0.4932575363985909,7.0,False
40,X01_PLX_T24_0007_000000,0.4756243689324197,9.0,False
41,X01_PLX_C24_0001_000000,0.43575050864532033,16.0,False
41,X01_PLX_C24_0002_000000,0.41944242123047165,20.0,False
41,X01_PLX_C24_0007_000000,0.44534057756967654,15.0,False
41,X01_PLX_C24_0008_000000,0.46553140615107275,11.0,False
41,X01_PLX_C24_0009_000000,0.43508725267652293,17.0,False
41,X01_PLX_C24_0010_000000,0.5236180437975274,4.0,True
41,X01_PLX_C24_0014_000000,0.4012835695081246,24.0,False
41,X01_PLX_C24_0015_000000,0.4000626826720623,25.0,False
41,X01_PLX_C24_0018_000000,0.595191654332665,2.0,True
41,X01_PLX_C24_0019_000000,0.4306709191679459,18.0,False
41,X01_PLX_C24_0020_000000,0.5109603774530355,5.0,False
41,X01_PLX_C24_0021_000000,0.48270812783238237,9.0,False
41,X01_PLX_C24_0022_000000,0.5000788755230626,6.0,False
41,X01_PLX_C24_0023_000000,0.40990247359620147,23.0,False
41,X01_PLX_C24_0024_000000,0.41289819641035685,22.0,False
41,X01_PLX_C24_0026_000000,0.44756140913715975,14.0,False
41,X01_PLX_G01_0002_000000,0.4256940353852193,19.0,False
41,X01_PLX_G01_0003_000000,0.5965224032528705,1.0,True
41,X01_PLX_G01_0004_000000,0.4530268522879432,12.0,False
41,X01_PLX_G01_0005_000000,0.4176462232237069,21.0,False
41,X01_PLX_G01_0006_000000,0.5891774679640333,3.0,True
41,X01_PLX_P01_0005_000000,0.4869174029608386,8.0,False
41,X01_PLX_T24_0001_000000,0.4505013487568883,13.0,False
41,X01_PLX_T24_0002_000000,0.49011292366698744,7.0,False
41,X01_PLX_T24_0007_000000,0.465810525045355,10.0,False
42,X01_PLX_C24_0001_000000,0.4283147322176883,17.0,False
42,X01_PLX_C24_0002_000000,0.4183935006321447,19.0,False
42,X01_PLX_C24_0007_000000,0.4492285855441128,12.0,False
42,X01_PLX_C24_0008_000000,0.4715202009373477,10.0,False
42,X01_PLX_C24_0009_000000,0.41966357029919055,18.0,False
42,X01_PLX_C24_0010_000000,0.5176113060335773,4.0,True
42,X01_PLX_C24_0014_000000,0.39731378007072365,24.0,False
42,X01_PLX_C24_0015_000000,0.40400781370070626,22.0,False
42,X01_PLX_C24_0018_000000,0.6159638748895813,1.0,True
42,X01_PLX_C24_0019_000000,0.41654908756839826,20.0,False
42,X01_PLX_C24_0020_000000,0.5130101592565997,5.0,False
42,X01_PLX_C24_0021_000000,0.47382597918745,9.0,False
42,X01_PLX_C24_0022_000000,0.44876286357895273,13.0,False
42,X01_PLX_C24_0023_000000,0.39628011328147733,25.0,False
42,X01_PLX_C24_0024_000000,0.40280495905515656,23.0,False
42,X01_PLX_C24_0026_000000,0.44152767095407325,14.0,False
42,X01_PLX_G01_0002_000000,0.4298958353035458,16.0,False
42,X01_PLX_G01_0003_000000,0.5723081972655861,3.0,True
42,X01_PLX_G01_0004_000000,0.44964589158948065,11.0,False
42,X01_PLX_G01_0005_000000,0.4106081986523583,21.0,False
42,X01_PLX_G01_0006_000000,0.5935161327457337,2.0,True
42,X01_PLX_P01_0005_000000,0.5046556277000658,6.0,False
42,X01_PLX_T24_0001_000000,0.43235939574201154,15.0,False
42,X01_PLX_T24_0002_000000,0.47822943363741227,7.0,False
42,X01_PLX_T24_0007_000000,0.4782181036399174,8.0,False
43,X01_PLX_C24_0001_000000,0.4355354558415487,18.0,False
43,X01_PLX_C24_0002_000000,0.42913209162938554,19.0,False
43,X01_PLX_C24_0007_000000,0.4385337880932904,17.0,False
43,X01_PLX_C24_0008_000000,0.4889647497327204,8.0,False
43,X01_PLX_C24_0009_000000,0.43954142889772657,15.0,False
43,X01_PLX_C24_0010_000000,0.5110081824712913,5.0,False
43,X01_PLX_C24_0014_000000,0.40201048914344756,23.0,False
43,X01_PLX_C24_0015_000000,0.4017071421884221,24.0,False
43,X01_PLX_C24_0018_000000,0.6135172351140972,1.0,True
43,X01_PLX_C24_0019_000000,0.4441495142091473,14.0,False
43,X01_PLX_C24_0020_000000,0.5263262517175837,4.0,True
43,X01_PLX_C24_0021_000000,0.4927597994447985,7.0,False
43,X01_PLX_C24_0022_000000,0.46441527983067954,12.0,False
43,X01_PLX_C24_0023_000000,0.40095217966274455,25.0,False
43,X01_PLX_C24_0024_000000,0.40552783252516517,22.0,False
43,X01_PLX_C24_0026_000000,0.4586598891169037,13.0,False
43,X01_PLX_G01_0002_000000,0.4247489177986277,21.0,False
43,X01_PLX_G01_0003_000000,0.556712754569744,3.0,True
43,X01_PLX_G01_0004_000000,0.47127287464488277,11.0,False
43,X01_PLX_G01_0005_000000,0.4270883631376585,20.0,False
43,X01_PLX_G01_0006_000000,0.5733091996723055,2.0,True
43,X01_PLX_P01_0005_000000,0.4945328573319258,6.0,False
43,X01_PLX_T24_0001_000000,0.4395191506629224,16.0,False
43,X01_PLX_T24_0002_000000,0.4742659967388033,10.0,False
43,X01_PLX_T24_0007_000000,0.47829030040445125,9.0,False
44,X01_PLX_C24_0001_000000,0.45386018586342003,16.0,False
44,X01_PLX_C24_0002_000000,0.43484901524777764,20.0,False
44,X01_PLX_C24_0007_000000,0.4577556252275113,14.0,False
44,X01_PLX_C24_0008_000000,0.4877167897972853,7.0,False
44,X01_PLX_C24_0009_000000,0.4304245881220123,21.0,False
44,X01_PLX_C24_0010_000000,0.4985163264651131,6.0,False
44,X01_PLX_C24_0014_000000,0.3974088395712247,25.0,False
44,X01_PLX_C24_0015_000000,0.40897279911554707,23.0,False
44,X01_PLX_C24_0018_000000,0.6086549726933621,1.0,True
44,X01_PLX_C24_0019_000000,0.4378789296473863,18.0,False
44,X01_PLX_C24_0020_000000,0.529499662871122,5.0,False
44,X01_PLX_C24_0021_000000,0.46596840352019925,11.0,False
44,X01_PLX_C24_0022_000000,0.4542898830059821,15.0,False
44,X01_PLX_C24_0023_000000,0.4007135734836037,24.0,False
44,X01_PLX_C24_0024_000000,0.4124916604246829,22.0,False
44,X01_PLX_C24_0026_000000,0.4611943195155689,13.0,False
44,X01_PLX_G01_0002_000000,0.44560676641057595,17.0,False
44,X01_PLX_G01_0003_000000,0.5705259315210759,3.0,True
44,X01_PLX_G01_0004_000000,0.47205298492014686,9.0,False
44,X01_PLX_G01_0005_000000,0.43610970833565316,19.0,False
44,X01_PLX_G01_0006_000000,0.5822811559049892,2.0,True
44,X01_PLX_P01_0005_000000,0.5304140803572356,4.0,True
44,X01_PLX_T24_0001_000000,0.46247684130326505,12.0,False
44,X01_PLX_T24_0002_000000,0.48001928449943315,8.0,False
44,X01_PLX_T24_0007_000000,0.46869812912264713,10.0,False
45,X01_PLX_C24_0001_000000,0.42685470570966144,18.0,False
45,X01_PLX_C24_0002_000000,0.41235402482166195,21.0,False
45,X01_PLX_C24_0007_000000,0.43455175458088896,15.0,False
45,X01_PLX_C24_0008_000000,0.4668696200559726,9.0,False
45,X01_PLX_C24_0009_000000,0.4386907232913366,14.0,False
45,X01_PLX_C24_0010_000000,0.5349421255905992,5.0,False
45,X01_PLX_C24_0014_000000,0.4040656903152454,22.0,False
45,X01_PLX_C24_0015_000000,0.4011960900784369,25.0,False
45,X01_PLX_C24_0018_000000,0.6130143867704869,1.0,True
45,X01_PLX_C24_0019_000000,0.4176280773724032,20.0,False
45,X01_PLX_C24_0020_000000,0.5415277741843393,4.0,True
45,X01_PLX_C24_0021_000000,0.49809196954951646,6.0,False
45,X01_PLX_C24_0022_000000,0.47301587533752065,8.0,False
45,X01_PLX_C24_0023_000000,0.4030651526532678,23.0,False
45,X01_PLX_C24_0024_000000,0.4028163216770489,24.0,False
45,X01_PLX_C24_0026_000000,0.46310434934261246,10.0,False
45,X01_PLX_G01_0002_000000,0.4322408325137776,17.0,False
45,X01_PLX_G01_0003_000000,0.5461067491641054,3.0,True
45,X01_PLX_G01_0004_000000,0.4537727915107887,13.0,False
45,X01_PLX_G01_0005_000000,0.41975915528095487,19.0,False
45,X01_PLX_G01_0006_000000,0.5883238311121122,2.0,True
45,X01_PLX_P01_0005_000000,0.4942195266427671,7.0,False
45,X01_PLX_T24_0001_000000,0.43259720677928426,16.0,False
45,X01_PLX_T24_0002_000000,0.4604297198311649,11.0,False
45,X01_PLX_T24_0007_000000,0.4579219465984384,12.0,False
46,X01_PLX_C24_0001_000000,0.43720267303972754,18.0,False
46,X01_PLX_C24_0002_000000,0.4250887296879052,21.0,False
46,X01_PLX_C24_0007_000000,0.45710268261402126,12.0,False
46,X01_PLX_C24_0008_000000,0.49074031018146963,8.0,False
46,X01_PLX_C24_0009_000000,0.44719947022593726,15.0,False
46,X01_PLX_C24_0010_000000,0.5391013673107992,4.0,True
46,X01_PLX_C24_0014_000000,0.39561607291668477,23.0,False
46,X01_PLX_C24_0015_000000,0.39868871819471213,22.0,False
46,X01_PLX_C24_0018_000000,0.5850254434624603,2.0,True
46,X01_PLX_C24_0019_000000,0.4322940525002055,20.0,False
46,X01_PLX_C24_0020_000000,0.5250214919780418,5.0,False
46,X01_PLX_C24_0021_000000,0.4984422202937892,7.0,False
46,X01_PLX_C24_0022_000000,0.4655860986442175,11.0,False
46,X01_PLX_C24_0023_000000,0.3870050525108405,25.0,False
46,X01_PLX_C24_0024_000000,0.3934775876240684,24.0,False
46,X01_PLX_C24_0026_000000,0.44427839471173,16.0,False
46,X01_PLX_G01_0002_000000,0.4366986303187295,19.0,False
46,X01_PLX_G01_0003_000000,0.5750740161600676,3.0,True
46,X01_PLX_G01_0004_000000,0.4484789735262979,14.0,False
46,X01_PLX_G01_0005_000000,0.43752454800277973,17.0,False
46,X01_PLX_G01_0006_000000,0.6078450024872238,1.0,True
46,X01_PLX_P01_0005_000000,0.5234050025566137,6.0,False
46,X01_PLX_T24_0001_000000,0.454130180025078,13.0,False
46,X01_PLX_T24_0002_000000,0.48959228452729187,9.0,False
46,X01_PLX_T24_0007_000000,0.4707367943586459,10.0,False
47,X01_PLX_C24_0001_000000,0.4303314248966544,15.0,False
47,X01_PLX_C24_0002_000000,0.40418585632221227,21.0,False
47,X01_PLX_C24_0007_000000,0.4450619345834466,13.0,False
47,X01_PLX_C24_0008_000000,0.4951448015169748,6.0,False
47,X01_PLX_C24_0009_000000,0.41608327266644646,17.0,False
47,X01_PLX_C24_0010_000000,0.5158212550307346,4.0,True
47,X01_PLX_C24_0014_000000,0.38752163814270246,25.0,False
47,X01_PLX_C24_0015_000000,0.39003694730538835,24.0,False
47,X01_PLX_C24_0018_000000,0.5818199794257073,1.0,True
47,X01_PLX_C24_0019_000000,0.41589514957230744,18.0,False
47,X01_PLX_C24_0020_000000,0.5156456809267527,5.0,False
47,X01_PLX_C24_0021_000000,0.4932556266170836,7.0,False
47,X01_PLX_C24_0022_000000,0.4686416171976517,9.0,False
47,X01_PLX_C24_0023_000000,0.39496805289372056,23.0,False
47,X01_PLX_C24_0024_000000,0.3982975421093272,22.0,False
47,X01_PLX_C24_0026_000000,0.44311010284711966,14.0,False
47,X01_PLX_G01_0002_000000,0.4150837431047441,19.0,False
47,X01_PLX_G01_0003_000000,0.5784774536806018,2.0,True
47,X01_PLX_G01_0004_000000,0.44644883932989715,12.0,False
47,X01_PLX_G01_0005_000000,0.408400113880941,20.0,False
47,X01_PLX_G01_0006_000000,0.5639271151030575,3.0,True
47,X01_PLX_P01_0005_000000,0.48500256365463357,8.0,False
47,X01_PLX_T24_0001_000000,0.4273518529190045,16.0,False
47,X01_PLX_T24_0002_000000,0.4656441573137388,10.0,False
47,X01_PLX_T24_0007_000000,0.4619744333521022,11.0,False
48,X01_PLX_C24_0001_000000,0.44522287880668193,18.0,False
48,X01_PLX_C24_0002_000000,0.4313563195294718,21.0,False
48,X01_PLX_C24_0007_000000,0.4540546572757806,15.0,False
48,X01_PLX_C24_0008_000000,0.4913124623133023,7.0,False
48,X01_PLX_C24_0009_000000,0.43355147182386233,20.0,False
48,X01_PLX_C24_0010_000000,0.5122349901011705,6.0,False
48,X01_PLX_C24_0014_000000,0.4079272941929303,23.0,False
48,X01_PLX_C24_0015_000000,0.4075377038613368,24.0,False
48,X01_PLX_C24_0018_000000,0.6116298628029927,1.0,True
48,X01_PLX_C24_0019_000000,0.4411015386770611,19.0,False
48,X01_PLX_C24_0020_000000,0.520847092214508,5.0,False
48,X01_PLX_C24_0021_000000,0.474097456912843,10.0,False
48,X01_PLX_C24_0022_000000,0.4621586640276577,12.0,False
48,X01_PLX_C24_0023_000000,0.40152734789821576,25.0,False
48,X01_PLX_C24_0024_000000,0.41009752090521623,22.0,False
48,X01_PLX_C24_0026_000000,0.4626212724476752,11.0,False
48,X01_PLX_G01_0002_000000,0.4529022776441588,16.0,False
48,X01_PLX_G01_0003_000000,0.5784797317933464,3.0,True
48,X01_PLX_G01_0004_000000,0.4615606690406251,14.0,False
48,X01_PLX_G01_0005_000000,0.4463822371088659,17.0,False
48,X01_PLX_G01_0006_000000,0.6039825830939572,2.0,True
48,X01_PLX_P01_0005_000000,0.5230019548360912,4.0,True
48,X01_PLX_T24_0001_000000,0.4620419018653279,13.0,False
48,X01_PLX_T24_0002_000000,0.4767258950212568,9.0,False
48,X01_PLX_T24_0007_000000,0.48129272233065323,8.0,False
49,X01_PLX_C24_0001_000000,0.44740389693067906,15.0,False
49,X01_PLX_C24_0002_000000,0.42885194721587716,20.0,False
49,X01_PLX_C24_0007_000000,0.4472246283141544,16.0,False
49,X01_PLX_C24_0008_000000,0.4843751976018184,8.0,False
49,X01_PLX_C24_0009_000000,0.437130408761258,18.0,False
49,X01_PLX_C24_0010_000000,0.5164595080013336,6.0,False
49,X01_PLX_C24_0014_000000,0.4137509342686156,24.0,False
49,X01_PLX_C24_0015_000000,0.4138331388505416,23.0,False
49,X01_PLX_C24_0018_000000,0.6258184544938302,1.0,True
49,X01_PLX_C24_0019_000000,0.4494283117333005,13.0,False
49,X01_PLX_C24_0020_000000,0.5289837296655409,4.0,True
49,X01_PLX_C24_0021_000000,0.4750077366191032,9.0,False
49,X01_PLX_C24_0022_000000,0.4689725979694626,11.0,False
49,X01_PLX_C24_0023_000000,0.41234827295259385,25.0,False
49,X01_PLX_C24_0024_000000,0.42011750862709635,22.0,False
49,X01_PLX_C24_0026_000000,0.44815384525560287,14.0,False
49,X01_PLX_G01_0002_000000,0.4235268291391777,21.0,False
49,X01_PLX_G01_0003_000000,0.5801749424215129,2.0,True
49,X01_PLX_G01_0004_000000,0.45676155796635864,12.0,False
49,X01_PLX_G01_0005_000000,0.4304602896295113,19.0,False
49,X01_PLX_G01_0006_000000,0.5796069246155452,3.0,True
49,X01_PLX_P01_0005_000000,0.5247104865458375,5.0,False
49,X01_PLX_T24_0001_000000,0.44114755908303216,17.0,False
49,X01_PLX_T24_0002_000000,0.48759953449937793,7.0,False
49,X01_PLX_T24_0007_000000,0.4733542234468266,10.0,False
50,X01_PLX_C24_0001_000000,0.4287773555032803,17.0,False
50,X01_PLX_C24_0002_000000,0.40948127577777066,21.0,False
50,X01_PLX_C24_0007_000000,0.4364565555802716,16.0,False
50,X01_PLX_C24_0008_000000,0.4838814422168621,7.0,False
50,X01_PLX_C24_0009_000000,0.43783707230972324,15.0,False
50,X01_PLX_C24_0010_000000,0.5379242020683513,4.0,True
50,X01_PLX_C24_0014_000000,0.3984165580856886,23.0,False
50,X01_PLX_C24_0015_000000,0.3951377778918166,24.0,False
50,X01_PLX_C24_0018_000000,0.5964331189601909,2.0,True
50,X01_PLX_C24_0019_000000,0.4116320294585285,20.0,False
50,X01_PLX_C24_0020_000000,0.5330143926961413,5.0,False
50,X01_PLX_C24_0021_000000,0.48066735333882044,8.0,False
50,X01_PLX_C24_0022_000000,0.4569665282288566,10.0,False
50,X01_PLX_C24_0023_000000,0.39509418551581965,25.0,False
50,X01_PLX_C24_0024_000000,0.3985877860419194,22.0,False
50,X01_PLX_C24_0026_000000,0.44155951129320126,13.0,False
50,X01_PLX_G01_0002_000000,0.4161899874340483,19.0,False
50,X01_PLX_G01_0003_000000,0.5506836195359868,3.0,True
50,X01_PLX_G01_0004_000000,0.44403178181234354,12.0,False
50,X01_PLX_G01_0005_000000,0.42083961026199185,18.0,False
50,X01_PLX_G01_0006_000000,0.6024304676714182,1.0,True
50,X01_PLX_P01_0005_000000,0.4943460517840981,6.0,False
50,X01_PLX_T24_0001_000000,0.44441709549709685,11.0,False
50,X01_PLX_T24_0002_000000,0.4701033562784739,9.0,False
50,X01_PLX_T24_0007_000000,0.4386674618910611,14.0,False
51,X01_PLX_C24_0001_000000,0.4245179185646476,16.0,False
51,X01_PLX_C24_0002_000000,0.41352025613111376,21.0,False
51,X01_PLX_C24_0007_000000,0.43718241811125497,14.0,False
51,X01_PLX_C24_0008_000000,0.47758516066482104,8.0,False
51,X01_PLX_C24_0009_000000,0.433916259823029,15.0,False
51,X01_PLX_C24_0010_000000,0.531162464307963,4.0,True
51,X01_PLX_C24_0014_000000,0.3946931758270364,23.0,False
51,X01_PLX_C24_0015_000000,0.4044901033699332,22.0,False
51,X01_PLX_C24_0018_000000,0.5862922949818731,1.0,True
51,X01_PLX_C24_0019_000000,0.41921453508994466,19.0,False
51,X01_PLX_C24_0020_000000,0.5237199762821857,5.0,False
51,X01_PLX_C24_0021_000000,0.47613684244271,9.0,False
51,X01_PLX_C24_0022_000000,0.45750844800396095,12.0,False
51,X01_PLX_C24_0023_000000,0.3935586640943668,25.0,False
51,X01_PLX_C24_0024_000000,0.39431782207735255,24.0,False
51,X01_PLX_C24_0026_000000,0.4499400398079335,13.0,False
51,X01_PLX_G01_0002_000000,0.42026206840801444,18.0,False
51,X01_PLX_G01_0003_000000,0.5697596272538977,3.0,True
51,X01_PLX_G01_0004_000000,0.46615848452028597,10.0,False
51,X01_PLX_G01_0005_000000,0.41633307693755783,20.0,False
51,X01_PLX_G01_0006_000000,0.5812505177435037,2.0,True
51,X01_PLX_P01_0005_000000,0.4993373891525404,6.0,False
51,X01_PLX_T24_0001_000000,0.4211715005129911,17.0,False
51,X01_PLX_T24_0002_000000,0.47962764822536946,7.0,False
51,X01_PLX_T24_0007_000000,0.4632127538451249,11.0,False
52,X01_PLX_C24_0001_000000,0.4446473679252518,17.0,False
52,X01_PLX_C24_0002_000000,0.42883643331314397,20.0,False
52,X01_PLX_C24_0007_000000,0.4522212907968967,14.0,False
52,X01_PLX_C24_0008_000000,0.48641487387713983,7.0,False
52,X01_PLX_C24_0009_000000,0.4453965671378719,16.0,False
52,X01_PLX_C24_0010_000000,0.5262551157819414,5.0,False
52,X01_PLX_C24_0014_000000,0.4075030712708829,23.0,False
52,X01_PLX_C24_0015_000000,0.40230620107240067,25.0,False
52,X01_PLX_C24_0018_000000,0.5957986476497105,1.0,True
52,X01_PLX_C24_0019_000000,0.43299165420580793,19.0,False
52,X01_PLX_C24_0020_000000,0.5400796120211105,4.0,True
52,X01_PLX_C24_0021_000000,0.4808156851642472,8.0,False
52,X01_PLX_C24_0022_000000,0.45540560447978923,13.0,False
52,X01_PLX_C24_0023_000000,0.403924295330353,24.0,False
52,X01_PLX_C24_0024_000000,0.4124832786134166,22.0,False
52,X01_PLX_C24_0026_000000,0.4572802156915747,11.0,False
52,X01_PLX_G01_0002_000000,0.44160629774671945,18.0,False
52,X01_PLX_G01_0003_000000,0.5748702291900756,2.0,True
52,X01_PLX_G01_0004_000000,0.448673377260948,15.0,False
52,X01_PLX_G01_0005_000000,0.4273443284127284,21.0,False
52,X01_PLX_G01_0006_000000,0.5685016719718169,3.0,True
52,X01_PLX_P01_0005_000000,0.5146108776713105,6.0,False
52,X01_PLX_T24_0001_000000,0.4556572285621412,12.0,False
52,X01_PLX_T24_0002_000000,0.47920416466763954,9.0,False
52,X01_PLX_T24_0007_000000,0.47775329505625713,10.0,False
53,X01_PLX_C24_0001_000000,0.45865955799550306,13.0,False
53,X01_PLX_C24_0002_000000,0.43175893553785816,21.0,False
53,X01_PLX_C24_0007_000000,0.4563114933372545,14.0,False
53,X01_PLX_C24_0008_000000,0.49466676578661267,7.0,False
53,X01_PLX_C24_0009_000000,0.4382291105027745,20.0,False
53,X01_PLX_C24_0010_000000,0.5080971000673821,5.0,False
53,X01_PLX_C24_0014_000000,0.40169332223594884,25.0,False
53,X01_PLX_C24_0015_000000,0.4037768667833116,24.0,False
53,X01_PLX_C24_0018_000000,0.6079443189563724,1.0,True
53,X01_PLX_C24_0019_000000,0.4498266379483527,17.0,False
53,X01_PLX_C24_0020_000000,0.5465881631399645,4.0,True
53,X01_PLX_C24_0021_000000,0.4679986415506889,11.0,False
53,X01_PLX_C24_0022_000000,0.4684687124585847,10.0,False
53,X01_PLX_C24_0023_000000,0.41312450281987173,23.0,False
53,X01_PLX_C24_0024_000000,0.4183048746771305,22.0,False
53,X01_PLX_C24_0026_000000,0.4508171001593452,16.0,False
53,X01_PLX_G01_0002_000000,0.4458152376252005,18.0,False
53,X01_PLX_G01_0003_000000,0.5712534850933516,3.0,True
53,X01_PLX_G01_0004_000000,0.4634067085223985,12.0,False
53,X01_PLX_G01_0005_000000,0.44159044310185774,19.0,False
53,X01_PLX_G01_0006_000000,0.5821649701656686,2.0,True
53,X01_PLX_P01_0005_000000,0.5030439725286714,6.0,False
53,X01_PLX_T24_0001_000000,0.453435500348184,15.0,False
53,X01_PLX_T24_0002_000000,0.4844096991768448,9.0,False
53,X01_PLX_T24_0007_000000,0.4892022274533113,8.0,False
54,X01_PLX_C24_0001_000000,0.4617990319874352,13.0,False
54,X01_PLX_C24_0002_000000,0.440798786289811,19.0,False
54,X01_PLX_C24_0007_000000,0.44422272449116584,17.0,False
54,X01_PLX_C24_0008_000000,0.4887799444274196,8.0,False
54,X01_PLX_C24_0009_000000,0.44530894288251155,16.0,False
54,X01_PLX_C24_0010_000000,0.5218135336907695,5.0,False
54,X01_PLX_C24_0014_000000,0.4114000127041499,23.0,False
54,X01_PLX_C24_0015_000000,0.4058214094913992,25.0,False
54,X01_PLX_C24_0018_000000,0.6346031179657091,1.0,True
54,X01_PLX_C24_0019_000000,0.4301150348124465,20.0,False
54,X01_PLX_C24_0020_000000,0.5327276143930173,4.0,True
54,X01_PLX_C24_0021_000000,0.49560966010100566,7.0,False
54,X01_PLX_C24_0022_000000,0.47192079687759253,10.0,False
54,X01_PLX_C24_0023_000000,0.40613823290803724,24.0,False
54,X01_PLX_C24_0024_000000,0.4181877634533173,22.0,False
54,X01_PLX_C24_0026_000000,0.45375412374385976,14.0,False
54,X01_PLX_G01_0002_000000,0.4409310247571636,18.0,False
54,X01_PLX_G01_0003_000000,0.5490628094350452,3.0,True
54,X01_PLX_G01_0004_000000,0.4459050547847225,15.0,False
54,X01_PLX_G01_0005_000000,0.42789826035066064,21.0,False
54,X01_PLX_G01_0006_000000,0.5653025584949375,2.0,True
54,X01_PLX_P01_0005_000000,0.5026013717503435,6.0,False
54,X01_PLX_T24_0001_000000,0.47100376150450535,11.0,False
54,X01_PLX_T24_0002_000000,0.4736587387268181,9.0,False
54,X01_PLX_T24_0007_000000,0.46607786285593317,12.0,False
55,X01_PLX_C24_0001_000000,0.44345404704481894,17.0,False
55,X01_PLX_C24_0002_000000,0.42703481058001175,21.0,False
55,X01_PLX_C24_0007_000000,0.44884184426873514,16.0,False
55,X01_PLX_C24_0008_000000,0.4676299130942299,9.0,False
55,X01_PLX_C24_0009_000000,0.4418774873462008,18.0,False
55,X01_PLX_C24_0010_000000,0.5215192675199112,5.0,False
55,X01_PLX_C24_0014_000000,0.40769199721896043,25.0,False
55,X01_PLX_C24_0015_000000,0.41580497005557016,24.0,False
55,X01_PLX_C24_0018_000000,0.5777963445511791,3.0,True
55,X01_PLX_C24_0019_000000,0.45090209602382775,15.0,False
55,X01_PLX_C24_0020_000000,0.5221799514976185,4.0,True
55,X01_PLX_C24_0021_000000,0.48571697923634166,8.0,False
55,X01_PLX_C24_0022_000000,0.4882417903182133,7.0,False
55,X01_PLX_C24_0023_000000,0.41732981598295116,23.0,False
55,X01_PLX_C24_0024_000000,0.42065755155088946,22.0,False
55,X01_PLX_C24_0026_000000,0.45875406109037503,12.0,False
55,X01_PLX_G01_0002_000000,0.4410561504714246,19.0,False
55,X01_PLX_G01_0003_000000,0.5908528362748282,2.0,True
55,X01_PLX_G01_0004_000000,0.4573699089421545,13.0,False
55,X01_PLX_G01_0005_000000,0.42753253055626034,20.0,False
55,X01_PLX_G01_0006_000000,0.6111315851263044,1.0,True
55,X01_PLX_P01_0005_000000,0.5011882924278084,6.0,False
55,X01_PLX_T24_0001_000000,0.45570262291454733,14.0,False
55,X01_PLX_T24_0002_000000,0.4623216505552645,11.0,False
55,X01_PLX_T24_0007_000000,0.462735583560687,10.0,False
56,X01_PLX_C24_0001_000000,0.43377017306983773,19.0,False
56,X01_PLX_C24_0002_000000,0.436196259928426,17.0,False
56,X01_PLX_C24_0007_000000,0.44831986621807096,13.0,False
56,X01_PLX_C24_0008_000000,0.4711581170515674,10.0,False
56,X01_PLX_C24_0009_000000,0.44171669417363085,15.0,False
56,X01_PLX_C24_0010_000000,0.5416914717624421,4.0,True
56,X01_PLX_C24_0014_000000,0.41257518935294474,25.0,False
56,X01_PLX_C24_0015_000000,0.41528200892612827,23.0,False
56,X01_PLX_C24_0018_000000,0.598684432458328,2.0,True
56,X01_PLX_C24_0019_000000,0.42588350922790336,20.0,False
56,X01_PLX_C24_0020_000000,0.5183466837527578,5.0,False
56,X01_PLX_C24_0021_000000,0.5017348524537772,6.0,False
56,X01_PLX_C24_0022_000000,0.4906372251868414,8.0,False
56,X01_PLX_C24_0023_000000,0.41324357450413496,24.0,False
56,X01_PLX_C24_0024_000000,0.4200804238293042,21.0,False
56,X01_PLX_C24_0026_000000,0.45114791220348455,12.0,False
56,X01_PLX_G01_0002_000000,0.4191548968391528,22.0,False
56,X01_PLX_G01_0003_000000,0.5746854374940323,3.0,True
56,X01_PLX_G01_0004_000000,0.4464593829853609,14.0,False
56,X01_PLX_G01_0005_000000,0.4365191270537467,16.0,False
56,X01_PLX_G01_0006_000000,0.6077709782238747,1.0,True
56,X01_PLX_P01_0005_000000,0.4992156904283955,7.0,False
56,X01_PLX_T24_0001_000000,0.4359699515106373,18.0,False
56,X01_PLX_T24_0002_000000,0.47281048640077183,9.0,False
56,X01_PLX_T24_0007_000000,0.4682649881151638,11.0,False
57,X01_PLX_C24_0001_000000,0.4271811027572135,19.0,False
57,X01_PLX_C24_0002_000000,0.4139923939646521,20.0,False
57,X01_PLX_C24_0007_000000,0.4443577823853264,13.0,False
57,X01_PLX_C24_0008_000000,0.4791992958089948,10.0,False
57,X01_PLX_C24_0009_000000,0.42795785834317007,18.0,False
57,X01_PLX_C24_0010_000000,0.5144232247459082,5.0,False
57,X01_PLX_C24_0014_000000,0.4027802496144024,24.0,False
57,X01_PLX_C24_0015_000000,0.403724577157292,23.0,False
57,X01_PLX_C24_0018_000000,0.6160096184946247,1.0,True
57,X01_PLX_C24_0019_000000,0.4363555260912571,16.0,False
57,X01_PLX_C24_0020_000000,0.5427296594423763,4.0,True
57,X01_PLX_C24_0021_000000,0.4728832969090568,11.0,False
57,X01_PLX_C24_0022_000000,0.4897592593943285,7.0,False
57,X01_PLX_C24_0023_000000,0.40127257670710637,25.0,False
57,X01_PLX_C24_0024_000000,0.41317901621379616,21.0,False
57,X01_PLX_C24_0026_000000,0.45490024868270246,12.0,False
57,X01_PLX_G01_0002_000000,0.43666871082831854,15.0,False
57,X01_PLX_G01_0003_000000,0.5897166970366533,2.0,True
57,X01_PLX_G01_0004_000000,0.43998826666899044,14.0,False
57,X01_PLX_G01_0005_000000,0.4129838493655915,22.0,False
57,X01_PLX_G01_0006_000000,0.5888032382752482,3.0,True
57,X01_PLX_P01_0005_000000,0.4962196474217231,6.0,False
57,X01_PLX_T24_0001_000000,0.4322539570653872,17.0,False
57,X01_PLX_T24_0002_000000,0.4870085159532751,8.0,False
57,X01_PLX_T24_0007_000000,0.48041287857789894,9.0,False
58,X01_PLX_C24_0001_000000,0.43505301778059,18.0,False
58,X01_PLX_C24_0002_000000,0.41462315220840157,22.0,False
58,X01_PLX_C24_0007_000000,0.449591259329815,14.0,False
58,X01_PLX_C24_0008_000000,0.5018335966307402,6.0,False
58,X01_PLX_C24_0009_000000,0.43862099371102603,16.0,False
58,X01_PLX_C24_0010_000000,0.5207779438679742,4.0,True
58,X01_PLX_C24_0014_000000,0.39980179448534875,25.0,False
58,X01_PLX_C24_0015_000000,0.40764166064130447,23.0,False
58,X01_PLX_C24_0018_000000,0.5961621990423729,2.0,True
58,X01_PLX_C24_0019_000000,0.4313262966274163,19.0,False
58,X01_PLX_C24_0020_000000,0.5160535660520184,5.0,False
58,X01_PLX_C24_0021_000000,0.5015243189223845,7.0,False
58,X01_PLX_C24_0022_000000,0.4922155394074658,8.0,False
58,X01_PLX_C24_0023_000000,0.4073412634252752,24.0,False
58,X01_PLX_C24_0024_000000,0.4149529058649988,21.0,False
58,X01_PLX_C24_0026_000000,0.45351188905879347,13.0,False
58,X01_PLX_G01_0002_000000,0.43599551567762385,17.0,False
58,X01_PLX_G01_0003_000000,0.568133960025258,3.0,True
58,X01_PLX_G01_0004_000000,0.45403847107328793,12.0,False
58,X01_PLX_G01_0005_000000,0.4291024684795588,20.0,False
58,X01_PLX_G01_0006_000000,0.6236834382575641,1.0,True
58,X01_PLX_P01_0005_000000,0.48683108167116756,9.0,False
58,X01_PLX_T24_0001_000000,0.4411153445525265,15.0,False
58,X01_PLX_T24_0002_000000,0.4732266843846658,10.0,False
58,X01_PLX_T24_0007_000000,0.47111709107224076,11.0,False
59,X01_PLX_C24_0001_000000,0.455957746066998,15.0,False
59,X01_PLX_C24_0002_000000,0.43792196222408913,18.0,False
59,X01_PLX_C24_0007_000000,0.43906559873930406,17.0,False
59,X01_PLX_C24_0008_000000,0.48474847062570303,7.0,False
59,X01_PLX_C24_0009_000000,0.44583625725777876,16.0,False
59,X01_PLX_C24_0010_000000,0.5159584719133078,5.0,False
59,X01_PLX_C24_0014_000000,0.3905857861411341,25.0,False
59,X01_PLX_C24_0015_000000,0.4103623811217415,22.0,False
59,X01_PLX_C24_0018_000000,0.6089998580621303,1.0,True
59,X01_PLX_C24_0019_000000,0.42693417201037803,20.0,False
59,X01_PLX_C24_0020_000000,0.5174350730256951,4.0,True
59,X01_PLX_C24_0021_000000,0.48387049500519597,8.0,False
59,X01_PLX_C24_0022_000000,0.47425821691222664,9.0,False
59,X01_PLX_C24_0023_000000,0.3935537055986551,24.0,False
59,X01_PLX_C24_0024_000000,0.40689207658372173,23.0,False
59,X01_PLX_C24_0026_000000,0.4569419649620268,13.0,False
59,X01_PLX_G01_0002_000000,0.42697766002298304,19.0,False
59,X01_PLX_G01_0003_000000,0.5672498743570227,3.0,True
59,X01_PLX_G01_0004_000000,0.4567054892343073,14.0,False
59,X01_PLX_G01_0005_000000,0.4204273845411261,21.0,False
59,X01_PLX_G01_0006_000000,0.5984201759382958,2.0,True
59,X01_PLX_P01_0005_000000,0.49251050335367197,6.0,False
59,X01_PLX_T24_0001_000000,0.4694406673618373,10.0,False
59,X01_PLX_T24_0002_000000,0.4631726108629587,12.0,False
59,X01_PLX_T24_0007_000000,0.4693132672395397,11.0,False
60,X01_PLX_C24_0001_000000,0.43126549285623406,19.0,False
60,X01_PLX_C24_0002_000000,0.42895000039136827,20.0,False
60,X01_PLX_C24_0007_000000,0.43523704866018575,17.0,False
60,X01_PLX_C24_0008_000000,0.4618261389719877,11.0,False
60,X01_PLX_C24_0009_000000,0.45087781936016086,14.0,False
60,X01_PLX_C24_0010_000000,0.5180534947431961,5.0,False
60,X01_PLX_C24_0014_000000,0.4193394404253461,25.0,False
60,X01_PLX_C24_0015_000000,0.42127790199421866,23.0,False
60,X01_PLX_C24_0018_000000,0.6231584164492199,1.0,True
60,X01_PLX_C24_0019_000000,0.43486821101682416,18.0,False
60,X01_PLX_C24_0020_000000,0.5520145204679094,4.0,True
60,X01_PLX_C24_0021_000000,0.48467399885271084,7.0,False
60,X01_PLX_C24_0022_000000,0.48274232171904424,8.0,False
60,X01_PLX_C24_0023_000000,0.4246081298540912,22.0,False
60,X01_PLX_C24_0024_000000,0.43741430687106886,16.0,False
60,X01_PLX_C24_0026_000000,0.4567487711011051,12.0,False
60,X01_PLX_G01_0002_000000,0.42860255953997467,21.0,False
60,X01_PLX_G01_0003_000000,0.5995029776077966,2.0,True
60,X01_PLX_G01_0004_000000,0.43745693874770586,15.0,False
60,X01_PLX_G01_0005_000000,0.4197518560533968,24.0,False
60,X01_PLX_G01_0006_000000,0.5792079708796577,3.0,True
60,X01_PLX_P01_0005_000000,0.49780914696109124,6.0,False
60,X01_PLX_T24_0001_000000,0.45602801808413507,13.0,False
60,X01_PLX_T24_0002_000000,0.4699023637612263,10.0,False
60,X01_PLX_T24_0007_000000,0.4813188750091034,9.0,False
61,X01_PLX_C24_0001_000000,0.42862623387917265,16.0,False
61,X01_PLX_C24_0002_000000,0.42076408586317177,18.0,False
61,X01_PLX_C24_0007_000000,0.43755814845882995,15.0,False
61,X01_PLX_C24_0008_000000,0.48555318099397987,7.0,False
61,X01_PLX_C24_0009_000000,0.4209639446031612,17.0,False
61,X01_PLX_C24_0010_000000,0.513404132305118,5.0,False
61,X01_PLX_C24_0014_000000,0.39632338164462155,25.0,False
61,X01_PLX_C24_0015_000000,0.39847675725244924,24.0,False
61,X01_PLX_C24_0018_000000,0.5969773525431005,2.0,True
61,X01_PLX_C24_0019_000000,0.4167827368075726,19.0,False
61,X01_PLX_C24_0020_000000,0.5167260462138099,4.0,True
61,X01_PLX_C24_0021_000000,0.48308983865771965,8.0,False
61,X01_PLX_C24_0022_000000,0.48139166668462274,9.0,False
61,X01_PLX_C24_0023_000000,0.40244400208356296,23.0,False
61,X01_PLX_C24_0024_000000,0.41086624682458817,22.0,False
61,X01_PLX_C24_0026_000000,0.43807206291783746,14.0,False
61,X01_PLX_G01_0002_000000,0.4115180044784736,21.0,False
61,X01_PLX_G01_0003_000000,0.553428222144822,3.0,True
61,X01_PLX_G01_0004_000000,0.4527545561109986,12.0,False
61,X01_PLX_G01_0005_000000,0.4160569924708601,20.0,False
61,X01_PLX_G01_0006_000000,0.6035165921369671,1.0,True
61,X01_PLX_P01_0005_000000,0.48978451886212354,6.0,False
61,X01_PLX_T24_0001_000000,0.4413792367833306,13.0,False
61,X01_PLX_T24_0002_000000,0.458606242063818,11.0,False
61,X01_PLX_T24_0007_000000,0.45948300119748686,10.0,False
62,X01_PLX_C24_0001_000000,0.4331654009054147,18.0,False
62,X01_PLX_C24_0002_000000,0.4098727037665028,22.0,False
62,X01_PLX_C24_0007_000000,0.43393426208255004,16.0,False
62,X01_PLX_C24_0008_000000,0.4751997772881027,8.0,False
62,X01_PLX_C24_0009_000000,0.43480772942637763,15.0,False
62,X01_PLX_C24_0010_000000,0.5113295324523306,5.0,False
62,X01_PLX_C24_0014_000000,0.3932742679853777,25.0,False
62,X01_PLX_C24_0015_000000,0.3969866049567633,24.0,False
62,X01_PLX_C24_0018_000000,0.5827692171585274,2.0,True
62,X01_PLX_C24_0019_000000,0.43689949176303183,14.0,False
62,X01_PLX_C24_0020_000000,0.5462013413053768,4.0,True
62,X01_PLX_C24_0021_000000,0.4724905432435547,9.0,False
62,X01_PLX_C24_0022_000000,0.48107471356035664,7.0,False
62,X01_PLX_C24_0023_000000,0.40360562813298206,23.0,False
62,X01_PLX_C24_0024_000000,0.4191974551934224,21.0,False
62,X01_PLX_C24_0026_000000,0.4504996652854329,12.0,False
62,X01_PLX_G01_0002_000000,0.4233538371081063,19.0,False
62,X01_PLX_G01_0003_000000,0.5809560697257733,3.0,True
62,X01_PLX_G01_0004_000000,0.4502843698521331,13.0,False
62,X01_PLX_G01_0005_000000,0.4332646834591047,17.0,False
62,X01_PLX_G01_0006_000000,0.5943535392980391,1.0,True
62,X01_PLX_P01_0005_000000,0.5007770212197763,6.0,False
62,X01_PLX_T24_0001_000000,0.4222043970866597,20.0,False
62,X01_PLX_T24_0002_000000,0.45370581202325183,11.0,False
62,X01_PLX_T24_0007_000000,0.4647042381375594,10.0,False
63,X01_PLX_C24_0001_000000,0.43630034298417597,18.0,False
63,X01_PLX_C24_0002_000000,0.41994497688766064,22.0,False
63,X01_PLX_C24_0007_000000,0.448111993693576,14.0,False
63,X01_PLX_C24_0008_000000,0.5110948151309844,5.0,False
63,X01_PLX_C24_0009_000000,0.4437341722062408,15.0,False
63,X01_PLX_C24_0010_000000,0.5052764293594743,7.0,False
63,X01_PLX_C24_0014_000000,0.4159271499059259,23.0,False
63,X01_PLX_C24_0015_000000,0.4136880844923928,25.0,False
63,X01_PLX_C24_0018_000000,0.5927195231915854,2.0,True
63,X01_PLX_C24_0019_000000,0.43686077887661445,17.0,False
63,X01_PLX_C24_0020_000000,0.5560808111304263,4.0,True
63,X01_PLX_C24_0021_000000,0.4982555245994356,9.0,False
63,X01_PLX_C24_0022_000000,0.505373505803612,6.0,False
63,X01_PLX_C24_0023_000000,0.41544051407826693,24.0,False
63,X01_PLX_C24_0024_000000,0.42548565279433126,21.0,False
63,X01_PLX_C24_0026_000000,0.46581915858719164,12.0,False
63,X01_PLX_G01_0002_000000,0.4313287714176484,20.0,False
63,X01_PLX_G01_0003_000000,0.5712066690409517,3.0,True
63,X01_PLX_G01_0004_000000,0.4621544039453631,13.0,False
63,X01_PLX_G01_0005_000000,0.43172579870492145,19.0,False
63,X01_PLX_G01_0006_000000,0.5943177973907952,1.0,True
63,X01_PLX_P01_0005_000000,0.5018905938059528,8.0,False
63,X01_PLX_T24_0001_000000,0.4404003303877147,16.0,False
63,X01_PLX_T24_0002_000000,0.4743789266394476,10.0,False
63,X01_PLX_T24_0007_000000,0.47120936981898554,11.0,False
64,X01_PLX_C24_0001_000000,0.43367968848815414,16.0,False
64,X01_PLX_C24_0002_000000,0.427387128278183,18.0,False
64,X01_PLX_C24_0007_000000,0.4351108972447493,15.0,False
64,X01_PLX_C24_0008_000000,0.48636004833129726,7.0,False
64,X01_PLX_C24_0009_000000,0.4414444882204758,14.0,False
64,X01_PLX_C24_0010_000000,0.5227296504423683,5.0,False
64,X01_PLX_C24_0014_000000,0.39267603432340903,25.0,False
64,X01_PLX_C24_0015_000000,0.39920870438340356,23.0,False
64,X01_PLX_C24_0018_000000,0.5758130181842323,2.0,True
64,X01_PLX_C24_0019_000000,0.42178951717590907,20.0,False
64,X01_PLX_C24_0020_000000,0.5308168284374251,4.0,True
64,X01_PLX_C24_0021_000000,0.4901310100393532,6.0,False
64,X01_PLX_C24_0022_000000,0.47818458028159805,8.0,False
64,X01_PLX_C24_0023_000000,0.3982721623681328,24.0,False
64,X01_PLX_C24_0024_000000,0.40678981480114157,22.0,False
64,X01_PLX_C24_0026_000000,0.4514294030162458,12.0,False
64,X01_PLX_G01_0002_000000,0.41874845692702284,21.0,False
64,X01_PLX_G01_0003_000000,0.5677831275186992,3.0,True
64,X01_PLX_G01_0004_000000,0.4470754304931149,13.0,False
64,X01_PLX_G01_0005_000000,0.4217988212757653,19.0,False
64,X01_PLX_G01_0006_000000,0.6223425253052005,1.0,True
64,X01_PLX_P01_0005_000000,0.47749385903654895,9.0,False
64,X01_PLX_T24_0001_000000,0.4303972447774567,17.0,False
64,X01_PLX_T24_0002_000000,0.4717752888123392,11.0,False
64,X01_PLX_T24_0007_000000,0.4751887242205246,10.0,False
65,X01_PLX_C24_0001_000000,0.44295395420869904,17.0,False
65,X01_PLX_C24_0002_000000,0.423546094650525,20.0,False
65,X01_PLX_C24_0007_000000,0.4515263723705664,13.0,False
65,X01_PLX_C24_0008_000000,0.4806286530299383,9.0,False
65,X01_PLX_C24_0009_000000,0.45032693033302806,14.0,False
65,X01_PLX_C24_0010_000000,0.5417694679219627,4.0,True
65,X01_PLX_C24_0014_000000,0.41836279517351227,21.0,False
65,X01_PLX_C24_0015_000000,0.41147867679704536,23.0,False
65,X01_PLX_C24_0018_000000,0.5902581936811052,2.0,True
65,X01_PLX_C24_0019_000000,0.4392187299407361,18.0,False
65,X01_PLX_C24_0020_000000,0.5310912243580939,5.0,False
65,X01_PLX_C24_0021_000000,0.4742909013260919,11.0,False
65,X01_PLX_C24_0022_000000,0.4843183121580904,8.0,False
65,X01_PLX_C24_0023_000000,0.4107608085364523,24.0,False
65,X01_PLX_C24_0024_000000,0.40909210418385467,25.0,False
65,X01_PLX_C24_0026_000000,0.4502184319081205,15.0,False
65,X01_PLX_G01_0002_000000,0.43335514492030064,19.0,False
65,X01_PLX_G01_0003_000000,0.5913204333675088,1.0,True
65,X01_PLX_G01_0004_000000,0.4528912118128827,12.0,False
65,X01_PLX_G01_0005_000000,0.414860809032198,22.0,False
65,X01_PLX_G01_0006_000000,0.5660921613140976,3.0,True
65,X01_PLX_P01_0005_000000,0.49962006154854394,6.0,False
65,X01_PLX_T24_0001_000000,0.4434445914444071,16.0,False
65,X01_PLX_T24_0002_000000,0.47633818592880317,10.0,False
65,X01_PLX_T24_0007_000000,0.49927456587866137,7.0,False
66,X01_PLX_C24_0001_000000,0.4467452285477467,15.0,False
66,X01_PLX_C24_0002_000000,0.4284267864067173,20.0,False
66,X01_PLX_C24_0007_000000,0.4382557992068859,18.0,False
66,X01_PLX_C24_0008_000000,0.49735914075741217,7.0,False
66,X01_PLX_C24_0009_000000,0.438513265618808,16.0,False
66,X01_PLX_C24_0010_000000,0.5153203545727805,5.0,False
66,X01_PLX_C24_0014_000000,0.4036807056741667,24.0,False
66,X01_PLX_C24_0015_000000,0.3943938128697979,25.0,False
66,X01_PLX_C24_0018_000000,0.5942869709842639,1.0,True
66,X01_PLX_C24_0019_000000,0.42377081634454794,21.0,False
66,X01_PLX_C24_0020_000000,0.5102914727897714,6.0,False
66,X01_PLX_C24_0021_000000,0.47725880252569797,9.0,False
66,X01_PLX_C24_0022_000000,0.46588350424158126,11.0,False
66,X01_PLX_C24_0023_000000,0.40369089057111784,23.0,False
66,X01_PLX_C24_0024_000000,0.4056868981785196,22.0,False
66,X01_PLX_C24_0026_000000,0.4502213667687087,14.0,False
66,X01_PLX_G01_0002_000000,0.4384804564803537,17.0,False
66,X01_PLX_G01_0003_000000,0.5724614741720062,3.0,True
66,X01_PLX_G01_0004_000000,0.4536533209465239,12.0,False
66,X01_PLX_G01_0005_000000,0.43493886779817664,19.0,False
66,X01_PLX_G01_0006_000000,0.575546299663166,2.0,True
66,X01_PLX_P01_0005_000000,0.5193625720685207,4.0,True
66,X01_PLX_T24_0001_000000,0.45359166387681665,13.0,False
66,X01_PLX_T24_0002_000000,0.4792687132688227,8.0,False
66,X01_PLX_T24_0007_000000,0.4719598082866153,10.0,False
67,X01_PLX_C24_0001_000000,0.44331405622871367,16.0,False
67,X01_PLX_C24_0002_000000,0.4240879880991654,20.0,False
67,X01_PLX_C24_0007_000000,0.447198505014048,15.0,False
67,X01_PLX_C24_0008_000000,0.48032135674249027,8.0,False
67,X01_PLX_C24_0009_000000,0.43508878154980535,17.0,False
67,X01_PLX_C24_0010_000000,0.5165666737705616,5.0,False
67,X01_PLX_C24_0014_000000,0.4034232071769409,25.0,False
67,X01_PLX_C24_0015_000000,0.40441489089381455,23.0,False
67,X01_PLX_C24_0018_000000,0.6041550271100661,1.0,True
67,X01_PLX_C24_0019_000000,0.42692730521879657,18.0,False
67,X01_PLX_C24_0020_000000,0.538217306363921,4.0,True
67,X01_PLX_C24_0021_000000,0.47807599332915346,9.0,False
67,X01_PLX_C24_0022_000000,0.46868406068848023,10.0,False
67,X01_PLX_C24_0023_000000,0.404025051579056,24.0,False
67,X01_PLX_C24_0024_000000,0.4085671160426127,22.0,False
67,X01_PLX_C24_0026_000000,0.46018593360594745,12.0,False
67,X01_PLX_G01_0002_000000,0.42456126532367755,19.0,False
67,X01_PLX_G01_0003_000000,0.5834563130313403,2.0,True
67,X01_PLX_G01_0004_000000,0.4599945515637208,13.0,False
67,X01_PLX_G01_0005_000000,0.4177638115712955,21.0,False
67,X01_PLX_G01_0006_000000,0.5785993340599687,3.0,True
67,X01_PLX_P01_0005_000000,0.4987945915419404,6.0,False
67,X01_PLX_T24_0001_000000,0.4540159111878782,14.0,False
67,X01_PLX_T24_0002_000000,0.4685246949829049,11.0,False
67,X01_PLX_T24_0007_000000,0.48394124838761965,7.0,False
68,X01_PLX_C24_0001_000000,0.440090824033148,14.0,False
68,X01_PLX_C24_0002_000000,0.427048055779654,18.0,False
68,X01_PLX_C24_0007_000000,0.4435145773110323,13.0,False
68,X01_PLX_C24_0008_000000,0.4885255535278203,8.0,False
68,X01_PLX_C24_0009_000000,0.43540248952247357,15.0,False
68,X01_PLX_C24_0010_000000,0.5455367887629351,4.0,True
68,X01_PLX_C24_0014_000000,0.3970664421511001,25.0,False
68,X01_PLX_C24_0015_000000,0.39821159947117496,24.0,False
68,X01_PLX_C24_0018_000000,0.5816366207296407,3.0,True
68,X01_PLX_C24_0019_000000,0.4087451545127274,21.0,False
68,X01_PLX_C24_0020_000000,0.5296465717869212,5.0,False
68,X01_PLX_C24_0021_000000,0.500516304920246,6.0,False
68,X01_PLX_C24_0022_000000,0.4749689742417521,9.0,False
68,X01_PLX_C24_0023_000000,0.40124874114724635,23.0,False
68,X01_PLX_C24_0024_000000,0.4018722446306961,22.0,False
68,X01_PLX_C24_0026_000000,0.42457777519542966,19.0,False
68,X01_PLX_G01_0002_000000,0.4275703747839216,17.0,False
68,X01_PLX_G01_0003_000000,0.5837504656203051,2.0,True
68,X01_PLX_G01_0004_000000,0.4440085142529965,12.0,False
68,X01_PLX_G01_0005_000000,0.41675252671313373,20.0,False
68,X01_PLX_G01_0006_000000,0.6036150947037631,1.0,True
68,X01_PLX_P01_0005_000000,0.48959642360778766,7.0,False
68,X01_PLX_T24_0001_000000,0.434722761445443,16.0,False
68,X01_PLX_T24_0002_000000,0.46684247443863414,10.0,False
68,X01_PLX_T24_0007_000000,0.4633550992054259,11.0,False
69,X01_PLX_C24_0001_000000,0.4235828749202018,17.0,False
69,X01_PLX_C24_0002_000000,0.4146847427369664,21.0,False
69,X01_PLX_C24_0007_000000,0.43930178255637886,14.0,False
69,X01_PLX_C24_0008_000000,0.4756104978105603,8.0,False
69,X01_PLX_C24_0009_000000,0.4153734219610682,20.0,False
69,X01_PLX_C24_0010_000000,0.5265832355801664,4.0,True
69,X01_PLX_C24_0014_000000,0.3973645688576741,25.0,False
69,X01_PLX_C24_0015_000000,0.40472896657445534,22.0,False
69,X01_PLX_C24_0018_000000,0.6081946952562941,1.0,True
69,X01_PLX_C24_0019_000000,0.4337478290440954,16.0,False
69,X01_PLX_C24_0020_000000,0.5158969962193807,5.0,False
69,X01_PLX_C24_0021_000000,0.4714967084746783,9.0,False
69,X01_PLX_C24_0022_000000,0.4679355146298788,12.0,False
69,X01_PLX_C24_0023_000000,0.3983057505882708,24.0,False
69,X01_PLX_C24_0024_000000,0.403482585593073,23.0,False
69,X01_PLX_C24_0026_000000,0.4682000147944362,11.0,False
69,X01_PLX_G01_0002_000000,0.41551459646889083,19.0,False
69,X01_PLX_G01_0003_000000,0.5551236638274053,3.0,True
69,X01_PLX_G01_0004_000000,0.45870497851272657,13.0,False
69,X01_PLX_G01_0005_000000,0.4211451922636679,18.0,False
69,X01_PLX_G01_0006_000000,0.5757817340133149,2.0,True
69,X01_PLX_P01_0005_000000,0.5017968715401591,6.0,False
69,X01_PLX_T24_0001_000000,0.4392032396038647,15.0,False
69,X01_PLX_T24_0002_000000,0.46826868379180486,10.0,False
69,X01_PLX_T24_0007_000000,0.4769455670784012,7.0,False
70,X01_PLX_C24_0001_000000,0.422476506372406,18.0,False
70,X01_PLX_C24_0002_000000,0.41156221560107553,22.0,False
70,X01_PLX_C24_0007_000000,0.4364227010783138,13.0,False
70,X01_PLX_C24_0008_000000,0.4907995419978892,8.0,False
70,X01_PLX_C24_0009_000000,0.4360900011718516,14.0,False
70,X01_PLX_C24_0010_000000,0.5407098653233713,5.0,False
70,X01_PLX_C24_0014_000000,0.40535604706230327,23.0,False
70,X01_PLX_C24_0015_000000,0.40159869752759053,25.0,False
70,X01_PLX_C24_0018_000000,0.6105636287930628,1.0,True
70,X01_PLX_C24_0019_000000,0.42278348244857233,17.0,False
70,X01_PLX_C24_0020_000000,0.5526482385921636,3.0,True
70,X01_PLX_C24_0021_000000,0.4908772191691713,7.0,False
70,X01_PLX_C24_0022_000000,0.4674878647327272,9.0,False
70,X01_PLX_C24_0023_000000,0.4034184626838204,24.0,False
70,X01_PLX_C24_0024_000000,0.4115647522516949,21.0,False
70,X01_PLX_C24_0026_000000,0.4247342210857049,16.0,False
70,X01_PLX_G01_0002_000000,0.41330237080641563,20.0,False
70,X01_PLX_G01_0003_000000,0.5496733704791373,4.0,True
70,X01_PLX_G01_0004_000000,0.42581026302005964,15.0,False
70,X01_PLX_G01_0005_000000,0.42079686371301533,19.0,False
70,X01_PLX_G01_0006_000000,0.5956448930686492,2.0,True
70,X01_PLX_P01_0005_000000,0.4924800878341328,6.0,False
70,X01_PLX_T24_0001_000000,0.43652807666669957,12.0,False
70,X01_PLX_T24_0002_000000,0.44588275846589204,11.0,False
70,X01_PLX_T24_0007_000000,0.46056761548674874,10.0,False
71,X01_PLX_C24_0001_000000,0.45844430135819253,13.0,False
71,X01_PLX_C24_0002_000000,0.43308602974867627,19.0,False
71,X01_PLX_C24_0007_000000,0.449621993387979,15.0,False
71,X01_PLX_C24_0008_000000,0.48212686416813866,6.0,False
71,X01_PLX_C24_0009_000000,0.4445694525581703,17.0,False
71,X01_PLX_C24_0010_000000,0.5065824620613817,5.0,False
71,X01_PLX_C24_0014_000000,0.4035884791892729,25.0,False
71,X01_PLX_C24_0015_000000,0.40854578790969953,24.0,False
71,X01_PLX_C24_0018_000000,0.6200769055952,1.0,True
71,X01_PLX_C24_0019_000000,0.43375902387542303,18.0,False
71,X01_PLX_C24_0020_000000,0.5315709115693239,4.0,True
71,X01_PLX_C24_0021_000000,0.4782479726108156,9.0,False
71,X01_PLX_C24_0022_000000,0.4630684669958236,12.0,False
71,X01_PLX_C24_0023_000000,0.4113085047762993,23.0,False
71,X01_PLX_C24_0024_000000,0.42407582685515127,22.0,False
71,X01_PLX_C24_0026_000000,0.4673015194965053,11.0,False
71,X01_PLX_G01_0002_000000,0.42778570415596573,21.0,False
71,X01_PLX_G01_0003_000000,0.5579365821135319,3.0,True
71,X01_PLX_G01_0004_000000,0.45838263501538395,14.0,False
71,X01_PLX_G01_0005_000000,0.43267176519377654,20.0,False
71,X01_PLX_G01_0006_000000,0.605172156362897,2.0,True
71,X01_PLX_P01_0005_000000,0.4796867215069499,8.0,False
71,X01_PLX_T24_0001_000000,0.4481485111820359,16.0,False
71,X01_PLX_T24_0002_000000,0.4769642774019014,10.0,False
71,X01_PLX_T24_0007_000000,0.48194916775947816,7.0,False
72,X01_PLX_C24_0001_000000,0.4370172396305549,18.0,False
72,X01_PLX_C24_0002_000000,0.4230445644763423,20.0,False
72,X01_PLX_C24_0007_000000,0.45257388883137445,14.0,False
72,X01_PLX_C24_0008_000000,0.48963061739038544,7.0,False
72,X01_PLX_C24_0009_000000,0.44752674464096126,15.0,False
72,X01_PLX_C24_0010_000000,0.514097625035823,6.0,False
72,X01_PLX_C24_0014_000000,0.4070666622980101,24.0,False
72,X01_PLX_C24_0015_000000,0.4026186087261056,25.0,False
72,X01_PLX_C24_0018_000000,0.5916707879158536,3.0,True
72,X01_PLX_C24_0019_000000,0.4205681771712344,21.0,False
72,X01_PLX_C24_0020_000000,0.5445998618905333,4.0,True
72,X01_PLX_C24_0021_000000,0.4640356354606813,11.0,False
72,X01_PLX_C24_0022_000000,0.4666628711083859,9.0,False
72,X01_PLX_C24_0023_000000,0.4085429387929491,23.0,False
72,X01_PLX_C24_0024_000000,0.4185895294970939,22.0,False
72,X01_PLX_C24_0026_000000,0.4533800583610629,13.0,False
72,X01_PLX_G01_0002_000000,0.43914395652112814,17.0,False
72,X01_PLX_G01_0003_000000,0.6033293562395602,1.0,True
72,X01_PLX_G01_0004_000000,0.4645626828459494,10.0,False
72,X01_PLX_G01_0005_000000,0.431891617092072,19.0,False
72,X01_PLX_G01_0006_000000,0.6022022120187006,2.0,True
72,X01_PLX_P01_0005_000000,0.5227933765924309,5.0,False
72,X01_PLX_T24_0001_000000,0.443118917913064,16.0,False
72,X01_PLX_T24_0002_000000,0.45709826777166246,12.0,False
72,X01_PLX_T24_0007_000000,0.4843327432118651,8.0,False
73,X01_PLX_C24_0001_000000,0.43519968489832334,16.0,False
73,X01_PLX_C24_0002_000000,0.4213994295516947,20.0,False
73,X01_PLX_C24_0007_000000,0.452450977032833,12.0,False
73,X01_PLX_C24_0008_000000,0.4677833707425341,10.0,False
73,X01_PLX_C24_0009_000000,0.4248464897178743,17.0,False
73,X01_PLX_C24_0010_000000,0.5072475092344589,5.0,False
73,X01_PLX_C24_0014_000000,0.3898489485580807,25.0,False
73,X01_PLX_C24_0015_000000,0.40152007954913127,22.0,False
73,X01_PLX_C24_0018_000000,0.5978178091586616,1.0,True
73,X01_PLX_C24_0019_000000,0.4217215221870124,19.0,False
73,X01_PLX_C24_0020_000000,0.5363084791684353,4.0,True
73,X01_PLX_C24_0021_000000,0.4779545125063154,9.0,False
73,X01_PLX_C24_0022_000000,0.479482843229268,8.0,False
73,X01_PLX_C24_0023_000000,0.39904047617925836,23.0,False
73,X01_PLX_C24_0024_000000,0.3983894487536424,24.0,False
73,X01_PLX_C24_0026_000000,0.44659656364733763,13.0,False
73,X01_PLX_G01_0002_000000,0.42480899506051967,18.0,False
73,X01_PLX_G01_0003_000000,0.5805226076781832,3.0,True
73,X01_PLX_G01_0004_000000,0.4433461087714451,14.0,False
73,X01_PLX_G01_0005_000000,0.41803428199629644,21.0,False
73,X01_PLX_G01_0006_000000,0.5827216596263314,2.0,True
73,X01_PLX_P01_0005_000000,0.4825244423370675,7.0,False
73,X01_PLX_T24_0001_000000,0.4419897391992362,15.0,False
73,X01_PLX_T24_0002_000000,0.4846193308755425,6.0,False
73,X01_PLX_T24_0007_000000,0.4663617367899845,11.0,False
74,X01_PLX_C24_0001_000000,0.4562873102354019,14.0,False
74,X01_PLX_C24_0002_000000,0.4324972236229536,19.0,False
74,X01_PLX_C24_0007_000000,0.4535689001997185,15.0,False
74,X01_PLX_C24_0008_000000,0.47675478409330085,9.0,False
74,X01_PLX_C24_0009_000000,0.4462937715519423,17.0,False
74,X01_PLX_C24_0010_000000,0.5370848406411733,4.0,True
74,X01_PLX_C24_0014_000000,0.3971682188159951,24.0,False
74,X01_PLX_C24_0015_000000,0.4001691653168986,23.0,False
74,X01_PLX_C24_0018_000000,0.5895873046806839,1.0,True
74,X01_PLX_C24_0019_000000,0.4227525878296233,21.0,False
74,X01_PLX_C24_0020_000000,0.5189469940257395,6.0,False
74,X01_PLX_C24_0021_000000,0.4606490488336874,12.0,False
74,X01_PLX_C24_0022_000000,0.4674349216505391,10.0,False
74,X01_PLX_C24_0023_000000,0.4014954054835671,22.0,False
74,X01_PLX_C24_0024_000000,0.3937973532149852,25.0,False
74,X01_PLX_C24_0026_000000,0.4587381070283112,13.0,False
74,X01_PLX_G01_0002_000000,0.4433056894895537,18.0,False
74,X01_PLX_G01_0003_000000,0.5746452036884393,3.0,True
74,X01_PLX_G01_0004_000000,0.4655019369583882,11.0,False
74,X01_PLX_G01_0005_000000,0.4296904538506127,20.0,False
74,X01_PLX_G01_0006_000000,0.5880703855779057,2.0,True
74,X01_PLX_P01_0005_000000,0.5204083876106317,5.0,False
74,X01_PLX_T24_0001_000000,0.44814277405337066,16.0,False
74,X01_PLX_T24_0002_000000,0.48259798276538235,7.0,False
74,X01_PLX_T24_0007_000000,0.4805427978165204,8.0,False
75,X01_PLX_C24_0001_000000,0.44688496532401956,17.0,False
75,X01_PLX_C24_0002_000000,0.42734539314116005,20.0,False
75,X01_PLX_C24_0007_000000,0.4607271706978649,12.0,False
75,X01_PLX_C24_0008_000000,0.4703279268880996,9.0,False
75,X01_PLX_C24_0009_000000,0.44926933325272256,16.0,False
75,X01_PLX_C24_0010_000000,0.5279004159132759,5.0,False
75,X01_PLX_C24_0014_000000,0.407378399723639,25.0,False
75,X01_PLX_C24_0015_000000,0.4201548003916365,23.0,False
75,X01_PLX_C24_0018_000000,0.5845187549857725,1.0,True
75,X01_PLX_C24_0019_000000,0.4512186930622675,14.0,False
75,X01_PLX_C24_0020_000000,0.5509695327695123,4.0,True
75,X01_PLX_C24_0021_000000,0.4906058808782329,8.0,False
75,X01_PLX_C24_0022_000000,0.4966087344462492,6.0,False
75,X01_PLX_C24_0023_000000,0.41014768087296644,24.0,False
75,X01_PLX_C24_0024_000000,0.4204777213799301,22.0,False
75,X01_PLX_C24_0026_000000,0.44429485497961113,18.0,False
75,X01_PLX_G01_0002_000000,0.42696355558957605,21.0,False
75,X01_PLX_G01_0003_000000,0.574769538863525,2.0,True
75,X01_PLX_G01_0004_000000,0.45191138775673523,13.0,False
75,X01_PLX_G01_0005_000000,0.4275514227288978,19.0,False
75,X01_PLX_G01_0006_000000,0.5700213813110533,3.0,True
75,X01_PLX_P01_0005_000000,0.493827574783606,7.0,False
75,X01_PLX_T24_0001_000000,0.4507902473168685,15.0,False
75,X01_PLX_T24_0002_000000,0.46241878538962855,11.0,False
75,X01_PLX_T24_0007_000000,0.4670623754009889,10.0,False
76,X01_PLX_C24_0001_000000,0.44648459036267757,15.0,False
76,X01_PLX_C24_0002_000000,0.43535005400218363,19.0,False
76,X01_PLX_C24_0007_000000,0.44697556462275634,14.0,False
76,X01_PLX_C24_0008_000000,0.4711087690391991,10.0,False
76,X01_PLX_C24_0009_000000,0.4408868937254186,17.0,False
76,X01_PLX_C24_0010_000000,0.546597418017052,4.0,True
76,X01_PLX_C24_0014_000000,0.4127386430798125,23.0,False
76,X01_PLX_C24_0015_000000,0.4079903965564063,25.0,False
76,X01_PLX_C24_0018_000000,0.5910492461629369,1.0,True
76,X01_PLX_C24_0019_000000,0.43674420447318324,18.0,False
76,X01_PLX_C24_0020_000000,0.507557879176818,5.0,False
76,X01_PLX_C24_0021_000000,0.5021093032969423,6.0,False
76,X01_PLX_C24_0022_000000,0.47531181702927827,9.0,False
76,X01_PLX_C24_0023_000000,0.4098498833090238,24.0,False
76,X01_PLX_C24_0024_000000,0.4244535158144315,22.0,False
76,X01_PLX_C24_0026_000000,0.4455578297773615,16.0,False
76,X01_PLX_G01_0002_000000,0.42775836420597385,21.0,False
76,X01_PLX_G01_0003_000000,0.557990798195663,3.0,True
76,X01_PLX_G01_0004_000000,0.45379995789939415,12.0,False
76,X01_PLX_G01_0005_000000,0.43158558153019766,20.0,False
76,X01_PLX_G01_0006_000000,0.5803736214245038,2.0,True
76,X01_PLX_P01_0005_000000,0.49665811959002276,7.0,False
76,X01_PLX_T24_0001_000000,0.44815391559414464,13.0,False
76,X01_PLX_T24_0002_000000,0.4918250869626653,8.0,False
76,X01_PLX_T24_0007_000000,0.46540209081652617,11.0,False
77,X01_PLX_C24_0001_000000,0.425641667666971,17.0,False
77,X01_PLX_C24_0002_000000,0.41033890398351147,20.0,False
77,X01_PLX_C24_0007_000000,0.44718957098122725,12.0,False
77,X01_PLX_C24_0008_000000,0.46847623020676177,10.0,False
77,X01_PLX_C24_0009_000000,0.43041607810463184,15.0,False
77,X01_PLX_C24_0010_000000,0.500588502257759,6.0,False
77,X01_PLX_C24_0014_000000,0.39127069247048757,25.0,False
77,X01_PLX_C24_0015_000000,0.398746885491911,23.0,False
77,X01_PLX_C24_0018_000000,0.5968565189522875,2.0,True
77,X01_PLX_C24_0019_000000,0.4155086579837301,18.0,False
77,X01_PLX_C24_0020_000000,0.5272222040510923,4.0,True
77,X01_PLX_C24_0021_000000,0.47598466854752286,8.0,False
77,X01_PLX_C24_0022_000000,0.47191672612341257,9.0,False
77,X01_PLX_C24_0023_000000,0.3968329789021031,24.0,False
77,X01_PLX_C24_0024_000000,0.4052333786513739,22.0,False
77,X01_PLX_C24_0026_000000,0.42783877974992773,16.0,False
77,X01_PLX_G01_0002_000000,0.41441291133760383,19.0,False
77,X01_PLX_G01_0003_000000,0.5353121959141705,3.0,True
77,X01_PLX_G01_0004_000000,0.44417255797333616,14.0,False
77,X01_PLX_G01_0005_000000,0.4096498559716986,21.0,False
77,X01_PLX_G01_0006_000000,0.6152669478726128,1.0,True
77,X01_PLX_P01_0005_000000,0.5096234945883252,5.0,False
77,X01_PLX_T24_0001_000000,0.44638990347934177,13.0,False
77,X01_PLX_T24_0002_000000,0.48209251214553933,7.0,False
77,X01_PLX_T24_0007_000000,0.4557913354245732,11.0,False
78,X01_PLX_C24_0001_000000,0.43865081944673423,17.0,False
78,X01_PLX_C24_0002_000000,0.41927229446755265,21.0,False
78,X01_PLX_C24_0007_000000,0.44137328099175166,16.0,False
78,X01_PLX_C24_0008_000000,0.4871047328690995,8.0,False
78,X01_PLX_C24_0009_000000,0.4439557286245297,15.0,False
78,X01_PLX_C24_0010_000000,0.5129376197350752,5.0,False
78,X01_PLX_C24_0014_000000,0.40435714855914473,25.0,False
78,X01_PLX_C24_0015_000000,0.41479654174224934,22.0,False
78,X01_PLX_C24_0018_000000,0.609196098137294,2.0,True
78,X01_PLX_C24_0019_000000,0.42598982052537737,20.0,False
78,X01_PLX_C24_0020_000000,0.5491727819509735,4.0,True
78,X01_PLX_C24_0021_000000,0.4792746424035012,9.0,False
78,X01_PLX_C24_0022_000000,0.49577536555895174,6.0,False
78,X01_PLX_C24_0023_000000,0.40522630897301276,24.0,False
78,X01_PLX_C24_0024_000000,0.41220659785201247,23.0,False
78,X01_PLX_C24_0026_000000,0.4564859374189482,13.0,False
78,X01_PLX_G01_0002_000000,0.4347687271636954,19.0,False
78,X01_PLX_G01_0003_000000,0.5733767449260424,3.0,True
78,X01_PLX_G01_0004_000000,0.46165353416882066,12.0,False
78,X01_PLX_G01_0005_000000,0.4363440904012479,18.0,False
78,X01_PLX_G01_0006_000000,0.6140633286251852,1.0,True
78,X01_PLX_P01_0005_000000,0.49531462860553227,7.0,False
78,X01_PLX_T24_0001_000000,0.4510320349644339,14.0,False
78,X01_PLX_T24_0002_000000,0.46857370302187074,11.0,False
78,X01_PLX_T24_0007_000000,0.47378720364862265,10.0,False
79,X01_PLX_C24_0001_000000,0.4433639241403272,15.0,False
79,X01_PLX_C24_0002_000000,0.4242664450432453,20.0,False
79,X01_PLX_C24_0007_000000,0.44939293717458834,14.0,False
79,X01_PLX_C24_0008_000000,0.48239538933805076,8.0,False
79,X01_PLX_C24_0009_000000,0.442004337556642,16.0,False
79,X01_PLX_C24_0010_000000,0.5192938781200424,5.0,False
79,X01_PLX_C24_0014_000000,0.40284530316843914,25.0,False
79,X01_PLX_C24_0015_000000,0.40355501337489025,23.0,False
79,X01_PLX_C24_0018_000000,0.5871325039215017,1.0,True
79,X01_PLX_C24_0019_000000,0.4307615639208851,18.0,False
79,X01_PLX_C24_0020_000000,0.5309215607164041,4.0,True
79,X01_PLX_C24_0021_000000,0.48457395880840776,7.0,False
79,X01_PLX_C24_0022_000000,0.4643040038140379,12.0,False
79,X01_PLX_C24_0023_000000,0.40343389320743167,24.0,False
79,X01_PLX_C24_0024_000000,0.41229805393399854,22.0,False
79,X01_PLX_C24_0026_000000,0.46882949040908556,10.0,False
79,X01_PLX_G01_0002_000000,0.43043030121925097,19.0,False
79,X01_PLX_G01_0003_000000,0.5706559488172063,3.0,True
79,X01_PLX_G01_0004_000000,0.46686588707052173,11.0,False
79,X01_PLX_G01_0005_000000,0.4230708570159775,21.0,False
79,X01_PLX_G01_0006_000000,0.5794977534213636,2.0,True
79,X01_PLX_P01_0005_000000,0.5134956835870129,6.0,False
79,X01_PLX_T24_0001_000000,0.437162465125697,17.0,False
79,X01_PLX_T24_0002_000000,0.46400327990818885,13.0,False
79,X01_PLX_T24_0007_000000,0.4707486565591364,9.0,False
80,X01_PLX_C24_0001_000000,0.4229387734903518,18.0,False
80,X01_PLX_C24_0002_000000,0.4100913998501557,21.0,False
80,X01_PLX_C24_0007_000000,0.45453483533503397,13.0,False
80,X01_PLX_C24_0008_000000,0.49027402800478953,7.0,False
80,X01_PLX_C24_0009_000000,0.43145593882257965,16.0,False
80,X01_PLX_C24_0010_000000,0.5115177834381668,4.0,True
80,X01_PLX_C24_0014_000000,0.4041904610400583,23.0,False
80,X01_PLX_C24_0015_000000,0.40333286777615984,24.0,False
80,X01_PLX_C24_0018_000000,0.6244338116843088,1.0,True
80,X01_PLX_C24_0019_000000,0.4217963551067083,19.0,False
80,X01_PLX_C24_0020_000000,0.5009433356204881,5.0,False
80,X01_PLX_C24_0021_000000,0.4605435155256982,12.0,False
80,X01_PLX_C24_0022_000000,0.47047641064682055,8.0,False
80,X01_PLX_C24_0023_000000,0.3960934798660616,25.0,False
80,X01_PLX_C24_0024_000000,0.40838569756535925,22.0,False
80,X01_PLX_C24_0026_000000,0.4467129971626079,14.0,False
80,X01_PLX_G01_0002_000000,0.42624982110043064,17.0,False
80,X01_PLX_G01_0003_000000,0.6056121021007583,2.0,True
80,X01_PLX_G01_0004_000000,0.46364484400813666,11.0,False
80,X01_PLX_G01_0005_000000,0.4159398539000116,20.0,False
80,X01_PLX_G01_0006_000000,0.5694954105019251,3.0,True
80,X01_PLX_P01_0005_000000,0.4973526568370335,6.0,False
80,X01_PLX_T24_0001_000000,0.43223481228242144,15.0,False
80,X01_PLX_T24_0002_000000,0.4640721882618083,10.0,False
80,X01_PLX_T24_0007_000000,0.4671278232424295,9.0,False
81,X01_PLX_C24_0001_000000,0.4367929002381202,16.0,False
81,X01_PLX_C24_0002_000000,0.42874536669328955,19.0,False
81,X01_PLX_C24_0007_000000,0.45879237808137585,13.0,False
81,X01_PLX_C24_0008_000000,0.4749436351472182,9.0,False
81,X01_PLX_C24_0009_000000,0.43670424403797975,17.0,False
81,X01_PLX_C24_0010_000000,0.5345561915220667,4.0,True
81,X01_PLX_C24_0014_000000,0.4042807286301504,25.0,False
81,X01_PLX_C24_0015_000000,0.40560761931690753,24.0,False
81,X01_PLX_C24_0018_000000,0.5838226728194225,2.0,True
81,X01_PLX_C24_0019_000000,0.4403961168621467,15.0,False
81,X01_PLX_C24_0020_000000,0.5289058942769554,5.0,False
81,X01_PLX_C24_0021_000000,0.5041203038848672,6.0,False
81,X01_PLX_C24_0022_000000,0.4893645402658594,8.0,False
81,X01_PLX_C24_0023_000000,0.4080115100094586,23.0,False
81,X01_PLX_C24_0024_000000,0.41356293525832843,22.0,False
81,X01_PLX_C24_0026_000000,0.46001526666039544,12.0,False
81,X01_PLX_G01_0002_000000,0.42403306890337955,20.0,False
81,X01_PLX_G01_0003_000000,0.5704361383942528,3.0,True
81,X01_PLX_G01_0004_000000,0.4495453943822105,14.0,False
81,X01_PLX_G01_0005_000000,0.4235858476410203,21.0,False
81,X01_PLX_G01_0006_000000,0.588665982664059,1.0,True
81,X01_PLX_P01_0005_000000,0.4947580605951038,7.0,False
81,X01_PLX_T24_0001_000000,0.4359285257247929,18.0,False
81,X01_PLX_T24_0002_000000,0.46949347271854913,11.0,False
81,X01_PLX_T24_0007_000000,0.47411511272922924,10.0,False
82,X01_PLX_C24_0001_000000,0.4392979364518007,16.0,False
82,X01_PLX_C24_0002_000000,0.42298222469725394,19.0,False
82,X01_PLX_C24_0007_000000,0.4575695639320627,12.0,False
82,X01_PLX_C24_0008_000000,0.47357937306391457,9.0,False
82,X01_PLX_C24_0009_000000,0.44041622920186624,15.0,False
82,X01_PLX_C24_0010_000000,0.5075491898225488,5.0,False
82,X01_PLX_C24_0014_000000,0.4085148041702909,24.0,False
82,X01_PLX_C24_0015_000000,0.408858323412611,23.0,False
82,X01_PLX_C24_0018_000000,0.6109302950281889,2.0,True
82,X01_PLX_C24_0019_000000,0.42812806700148154,18.0,False
82,X01_PLX_C24_0020_000000,0.5152476799088239,4.0,True
82,X01_PLX_C24_0021_000000,0.4815520575290722,7.0,False
82,X01_PLX_C24_0022_000000,0.46624163161683063,11.0,False
82,X01_PLX_C24_0023_000000,0.4047968807334317,25.0,False
82,X01_PLX_C24_0024_000000,0.4165638246505432,22.0,False
82,X01_PLX_C24_0026_000000,0.4531803199420419,13.0,False
82,X01_PLX_G01_0002_000000,0.4176532662219924,21.0,False
82,X01_PLX_G01_0003_000000,0.535285686245679,3.0,True
82,X01_PLX_G01_0004_000000,0.4730152758636143,10.0,False
82,X01_PLX_G01_0005_000000,0.4203558856251088,20.0,False
82,X01_PLX_G01_0006_000000,0.620666460344418,1.0,True
82,X01_PLX_P01_0005_000000,0.4923102778994866,6.0,False
82,X01_PLX_T24_0001_000000,0.43863872392352715,17.0,False
82,X01_PLX_T24_0002_000000,0.4737244357521264,8.0,False
82,X01_PLX_T24_0007_000000,0.45051566891612943,14.0,False
83,X01_PLX_C24_0001_000000,0.45092995467998925,15.0,False
83,X01_PLX_C24_0002_000000,0.4309768545152358,20.0,False
83,X01_PLX_C24_0007_000000,0.4644567953684017,11.0,False
83,X01_PLX_C24_0008_000000,0.48447716801429536,7.0,False
83,X01_PLX_C24_0009_000000,0.43460266887440047,18.0,False
83,X01_PLX_C24_0010_000000,0.51547947169747,6.0,False
83,X01_PLX_C24_0014_000000,0.40112983485739506,22.0,False
83,X01_PLX_C24_0015_000000,0.39193711562013983,25.0,False
83,X01_PLX_C24_0018_000000,0.6128179164174768,1.0,True
83,X01_PLX_C24_0019_000000,0.41674042331854755,21.0,False
83,X01_PLX_C24_0020_000000,0.5263670310706575,4.0,True
83,X01_PLX_C24_0021_000000,0.48379347629888514,8.0,False
83,X01_PLX_C24_0022_000000,0.463561761527235,12.0,False
83,X01_PLX_C24_0023_000000,0.3952337900749405,24.0,False
83,X01_PLX_C24_0024_000000,0.3970278996059677,23.0,False
83,X01_PLX_C24_0026_000000,0.4547473079187965,14.0,False
83,X01_PLX_G01_0002_000000,0.4369071234383077,17.0,False
83,X01_PLX_G01_0003_000000,0.5700898840992128,3.0,True
83,X01_PLX_G01_0004_000000,0.4473429859044937,16.0,False
83,X01_PLX_G01_0005_000000,0.43241056960390906,19.0,False
83,X01_PLX_G01_0006_000000,0.5791615685575688,2.0,True
83,X01_PLX_P01_0005_000000,0.5197281677724815,5.0,False
83,X01_PLX_T24_0001_000000,0.45804610928247425,13.0,False
83,X01_PLX_T24_0002_000000,0.480602536721685,10.0,False
83,X01_PLX_T24_0007_000000,0.48308295697080716,9.0,False
84,X01_PLX_C24_0001_000000,0.4264314598750106,16.0,False
84,X01_PLX_C24_0002_000000,0.40952450711162847,20.0,False
84,X01_PLX_C24_0007_000000,0.4405029291372462,14.0,False
84,X01_PLX_C24_0008_000000,0.4760869345425774,10.0,False
84,X01_PLX_C24_0009_000000,0.41933139792869467,19.0,False
84,X01_PLX_C24_0010_000000,0.5111279793670691,5.0,False
84,X01_PLX_C24_0014_000000,0.3887025637859005,25.0,False
84,X01_PLX_C24_0015_000000,0.39805492643867474,23.0,False
84,X01_PLX_C24_0018_000000,0.5994479142234829,2.0,True
84,X01_PLX_C24_0019_000000,0.4219880863263227,17.0,False
84,X01_PLX_C24_0020_000000,0.5305378855086461,4.0,True
84,X01_PLX_C24_0021_000000,0.4855453317667684,7.0,False
84,X01_PLX_C24_0022_000000,0.48711884055948323,6.0,False
84,X01_PLX_C24_0023_000000,0.3942350502128088,24.0,False
84,X01_PLX_C24_0024_000000,0.40012476206542313,22.0,False
84,X01_PLX_C24_0026_000000,0.46221043548025287,12.0,False
84,X01_PLX_G01_0002_000000,0.42194194141288077,18.0,False
84,X01_PLX_G01_0003_000000,0.6064040427661724,1.0,True
84,X01_PLX_G01_0004_000000,0.44797742643809113,13.0,False
84,X01_PLX_G01_0005_000000,0.4030213205188576,21.0,False
84,X01_PLX_G01_0006_000000,0.5593352937866513,3.0,True
84,X01_PLX_P01_0005_000000,0.4840384442565004,8.0,False
84,X01_PLX_T24_0001_000000,0.4344944037830023,15.0,False
84,X01_PLX_T24_0002_000000,0.47154668570321545,11.0,False
84,X01_PLX_T24_0007_000000,0.48176241931028635,9.0,False
85,X01_PLX_C24_0001_000000,0.4428178403536731,17.0,False
85,X01_PLX_C24_0002_000000,0.4276343507924674,20.0,False
85,X01_PLX_C24_0007_000000,0.4555567148693754,14.0,False
85,X01_PLX_C24_0008_000000,0.4747185126936949,8.0,False
85,X01_PLX_C24_0009_000000,0.44344973852261854,16.0,False
85,X01_PLX_C24_0010_000000,0.5158604220214865,5.0,False
85,X01_PLX_C24_0014_000000,0.40485543079273406,25.0,False
85,X01_PLX_C24_0015_000000,0.4150935959423719,23.0,False
85,X01_PLX_C24_0018_000000,0.5954096796433519,2.0,True
85,X01_PLX_C24_0019_000000,0.4384485055616631,18.0,False
85,X01_PLX_C24_0020_000000,0.5504500326342084,4.0,True
85,X01_PLX_C24_0021_000000,0.485656508578768,7.0,False
85,X01_PLX_C24_0022_000000,0.4708691444502229,11.0,False
85,X01_PLX_C24_0023_000000,0.4135247723584228,24.0,False
85,X01_PLX_C24_0024_000000,0.41609229357000993,22.0,False
85,X01_PLX_C24_0026_000000,0.4633671080585326,12.0,False
85,X01_PLX_G01_0002_000000,0.43107489614788225,19.0,False
85,X01_PLX_G01_0003_000000,0.5808893118847982,3.0,True
85,X01_PLX_G01_0004_000000,0.45846318436791117,13.0,False
85,X01_PLX_G01_0005_000000,0.42720701510711717,21.0,False
85,X01_PLX_G01_0006_000000,0.611079152439354,1.0,True
85,X01_PLX_P01_0005_000000,0.5079051197694212,6.0,False
85,X01_PLX_T24_0001_000000,0.44889221221478687,15.0,False
85,X01_PLX_T24_0002_000000,0.4739128306809208,9.0,False
85,X01_PLX_T24_0007_000000,0.47322395660326777,10.0,False
86,X01_PLX_C24_0001_000000,0.4303199718881115,18.0,False
86,X01_PLX_C24_0002_000000,0.4248658330906878,20.0,False
86,X01_PLX_C24_0007_000000,0.44605147865476,14.0,False
86,X01_PLX_C24_0008_000000,0.47080903998790424,10.0,False
86,X01_PLX_C24_0009_000000,0.4324251750779118,17.0,False
86,X01_PLX_C24_0010_000000,0.5242435809312128,5.0,False
86,X01_PLX_C24_0014_000000,0.39972489190031946,23.0,False
86,X01_PLX_C24_0015_000000,0.3996786401937126,24.0,False
86,X01_PLX_C24_0018_000000,0.6060891574751599,1.0,True
86,X01_PLX_C24_0019_000000,0.4243852613586734,21.0,False
86,X01_PLX_C24_0020_000000,0.5326953274216619,4.0,True
86,X01_PLX_C24_0021_000000,0.4888993222148682,7.0,False
86,X01_PLX_C24_0022_000000,0.47616473779173946,8.0,False
86,X01_PLX_C24_0023_000000,0.3927078355720971,25.0,False
86,X01_PLX_C24_0024_000000,0.40486734247020056,22.0,False
86,X01_PLX_C24_0026_000000,0.45007010844418377,13.0,False
86,X01_PLX_G01_0002_000000,0.43498824600905006,16.0,False
86,X01_PLX_G01_0003_000000,0.5566844887585338,3.0,True
86,X01_PLX_G01_0004_000000,0.45857819637749303,12.0,False
86,X01_PLX_G01_0005_000000,0.42666323461463374,19.0,False
86,X01_PLX_G01_0006_000000,0.5995874929386688,2.0,True
86,X01_PLX_P01_0005_000000,0.4933934903700343,6.0,False
86,X01_PLX_T24_0001_000000,0.43813262505347367,15.0,False
86,X01_PLX_T24_0002_000000,0.47405738763626126,9.0,False
86,X01_PLX_T24_0007_000000,0.468854643384796,11.0,False
87,X01_PLX_C24_0001_000000,0.4319182081990223,17.0,False
87,X01_PLX_C24_0002_000000,0.41436298680515515,20.0,False
87,X01_PLX_C24_0007_000000,0.4387501552678303,16.0,False
87,X01_PLX_C24_0008_000000,0.4878120928622778,7.0,False
87,X01_PLX_C24_0009_000000,0.44279599596012265,15.0,False
87,X01_PLX_C24_0010_000000,0.5048767239591139,5.0,False
87,X01_PLX_C24_0014_000000,0.39922427712557657,25.0,False
87,X01_PLX_C24_0015_000000,0.4019041795428743,24.0,False
87,X01_PLX_C24_0018_000000,0.6293624703564017,1.0,True
87,X01_PLX_C24_0019_000000,0.4245653608446915,18.0,False
87,X01_PLX_C24_0020_000000,0.5569531757084851,4.0,True
87,X01_PLX_C24_0021_000000,0.47366179233926486,9.0,False
87,X01_PLX_C24_0022_000000,0.47404661259161796,8.0,False
87,X01_PLX_C24_0023_000000,0.40719739052821413,22.0,False
87,X01_PLX_C24_0024_000000,0.40929732396081553,21.0,False
87,X01_PLX_C24_0026_000000,0.4457823298707577,13.0,False
87,X01_PLX_G01_0002_000000,0.4071724952701574,23.0,False
87,X01_PLX_G01_0003_000000,0.5875082563712984,3.0,True
87,X01_PLX_G01_0004_000000,0.4490346727032584,12.0,False
87,X01_PLX_G01_0005_000000,0.4229060219739124,19.0,False
87,X01_PLX_G01_0006_000000,0.6183105141438294,2.0,True
87,X01_PLX_P01_0005_000000,0.5023964695968985,6.0,False
87,X01_PLX_T24_0001_000000,0.44352729268544855,14.0,False
87,X01_PLX_T24_0002_000000,0.4619942663889262,10.0,False
87,X01_PLX_T24_0007_000000,0.45877705923815276,11.0,False
88,X01_PLX_C24_0001_000000,0.45896948301944046,12.0,False
88,X01_PLX_C24_0002_000000,0.4345515011635005,18.0,False
88,X01_PLX_C24_0007_000000,0.44079236028033975,17.0,False
88,X01_PLX_C24_0008_000000,0.4666839839320598,11.0,False
88,X01_PLX_C24_0009_000000,0.44363844748366404,15.0,False
88,X01_PLX_C24_0010_000000,0.5052815815973124,6.0,False
88,X01_PLX_C24_0014_000000,0.39456059538074467,24.0,False
88,X01_PLX_C24_0015_000000,0.39338737522670136,25.0,False
88,X01_PLX_C24_0018_000000,0.596668233605698,2.0,True
88,X01_PLX_C24_0019_000000,0.42195069338148417,20.0,False
88,X01_PLX_C24_0020_000000,0.5212938149159911,4.0,True
88,X01_PLX_C24_0021_000000,0.4759323888285612,9.0,False
88,X01_PLX_C24_0022_000000,0.4677327309297573,10.0,False
88,X01_PLX_C24_0023_000000,0.40289386188331916,23.0,False
88,X01_PLX_C24_0024_000000,0.40565007279820875,22.0,False
88,X01_PLX_C24_0026_000000,0.4414167742820049,16.0,False
88,X01_PLX_G01_0002_000000,0.43414609122263037,19.0,False
88,X01_PLX_G01_0003_000000,0.5878069561209166,3.0,True
88,X01_PLX_G01_0004_000000,0.45230006763324754,14.0,False
88,X01_PLX_G01_0005_000000,0.42141149835591724,21.0,False
88,X01_PLX_G01_0006_000000,0.5986948139381659,1.0,True
88,X01_PLX_P01_0005_000000,0.5162972830891418,5.0,False
88,X01_PLX_T24_0001_000000,0.4550049559253162,13.0,False
88,X01_PLX_T24_0002_000000,0.4858983493094006,7.0,False
88,X01_PLX_T24_0007_000000,0.48303657185938137,8.0,False
89,X01_PLX_C24_0001_000000,0.431714313464249,17.0,False
89,X01_PLX_C24_0002_000000,0.4168790127352787,22.0,False
89,X01_PLX_C24_0007_000000,0.45531228879509494,12.0,False
89,X01_PLX_C24_0008_000000,0.48002683003253827,10.0,False
89,X01_PLX_C24_0009_000000,0.43732007865298905,16.0,False
89,X01_PLX_C24_0010_000000,0.5181272851653506,5.0,False
89,X01_PLX_C24_0014_000000,0.40391934709008104,23.0,False
89,X01_PLX_C24_0015_000000,0.39665690737698966,25.0,False
89,X01_PLX_C24_0018_000000,0.6076081846461702,1.0,True
89,X01_PLX_C24_0019_000000,0.42336600414008874,18.0,False
89,X01_PLX_C24_0020_000000,0.5362440607740558,4.0,True
89,X01_PLX_C24_0021_000000,0.47854517447603107,11.0,False
89,X01_PLX_C24_0022_000000,0.4860573212439838,7.0,False
89,X01_PLX_C24_0023_000000,0.40289590060260644,24.0,False
89,X01_PLX_C24_0024_000000,0.417677959220685,20.0,False
89,X01_PLX_C24_0026_000000,0.443848664505513,14.0,False
89,X01_PLX_G01_0002_000000,0.41935383801077153,19.0,False
89,X01_PLX_G01_0003_000000,0.5542745615893987,2.0,True
89,X01_PLX_G01_0004_000000,0.4472378167685244,13.0,False
89,X01_PLX_G01_0005_000000,0.4168817468933275,21.0,False
89,X01_PLX_G01_0006_000000,0.5419834927660006,3.0,True
89,X01_PLX_P01_0005_000000,0.4961879408403027,6.0,False
89,X01_PLX_T24_0001_000000,0.4407089482397037,15.0,False
89,X01_PLX_T24_0002_000000,0.4851363355235867,8.0,False
89,X01_PLX_T24_0007_000000,0.48458043447958504,9.0,False
90,X01_PLX_C24_0001_000000,0.42954883582383213,17.0,False
90,X01_PLX_C24_0002_000000,0.42443765797009947,20.0,False
90,X01_PLX_C24_0007_000000,0.4449291398485853,14.0,False
90,X01_PLX_C24_0008_000000,0.48510621310810104,7.0,False
90,X01_PLX_C24_0009_000000,0.43931055810164604,15.0,False
90,X01_PLX_C24_0010_000000,0.5191526296887458,5.0,False
90,X01_PLX_C24_0014_000000,0.4083654391489738,24.0,False
90,X01_PLX_C24_0015_000000,0.4106572128618605,23.0,False
90,X01_PLX_C24_0018_000000,0.6185088394862375,1.0,True
90,X01_PLX_C24_0019_000000,0.42860017592945576,19.0,False
90,X01_PLX_C24_0020_000000,0.5541925836707197,3.0,True
90,X01_PLX_C24_0021_000000,0.4766256522887931,9.0,False
90,X01_PLX_C24_0022_000000,0.4791652379249917,8.0,False
90,X01_PLX_C24_0023_000000,0.40316221050361606,25.0,False
90,X01_PLX_C24_0024_000000,0.41854417978451486,21.0,False
90,X01_PLX_C24_0026_000000,0.45267413732527834,12.0,False
90,X01_PLX_G01_0002_000000,0.41360132724553184,22.0,False
90,X01_PLX_G01_0003_000000,0.5513527532706918,4.0,True
90,X01_PLX_G01_0004_000000,0.45031165797873374,13.0,False
90,X01_PLX_G01_0005_000000,0.42943430265969185,18.0,False
90,X01_PLX_G01_0006_000000,0.5825056078879643,2.0,True
90,X01_PLX_P01_0005_000000,0.5049791318189905,6.0,False
90,X01_PLX_T24_0001_000000,0.4362174533137411,16.0,False
90,X01_PLX_T24_0002_000000,0.45831337392594057,11.0,False
90,X01_PLX_T24_0007_000000,0.46085633313180746,10.0,False
91,X01_PLX_C24_0001_000000,0.43915862150225166,15.0,False
91,X01_PLX_C24_0002_000000,0.4250518945627152,17.0,False
91,X01_PLX_C24_0007_000000,0.4229284392334951,18.0,False
91,X01_PLX_C24_0008_000000,0.5138829475373445,6.0,False
91,X01_PLX_C24_0009_000000,0.43533056096561645,16.0,False
91,X01_PLX_C24_0010_000000,0.5223004723789775,5.0,False
91,X01_PLX_C24_0014_000000,0.40200728211959463,25.0,False
91,X01_PLX_C24_0015_000000,0.40647925385075684,24.0,False
91,X01_PLX_C24_0018_000000,0.6075893572751566,2.0,True
91,X01_PLX_C24_0019_000000,0.4199762378126599,19.0,False
91,X01_PLX_C24_0020_000000,0.5286922477495168,3.0,True
91,X01_PLX_C24_0021_000000,0.4926100337859775,7.0,False
91,X01_PLX_C24_0022_000000,0.4885331717725865,8.0,False
91,X01_PLX_C24_0023_000000,0.40915519221226204,23.0,False
91,X01_PLX_C24_0024_000000,0.4166582978858974,22.0,False
91,X01_PLX_C24_0026_000000,0.44436886949543736,13.0,False
91,X01_PLX_G01_0002_000000,0.4198890244884154,20.0,False
91,X01_PLX_G01_0003_000000,0.5227105298221025,4.0,True
91,X01_PLX_G01_0004_000000,0.4412962150252565,14.0,False
91,X01_PLX_G01_0005_000000,0.41979721402799575,21.0,False
91,X01_PLX_G01_0006_000000,0.6120163971476926,1.0,True
91,X01_PLX_P01_0005_000000,0.48467199767503455,9.0,False
91,X01_PLX_T24_0001_000000,0.4536895927857109,11.0,False
91,X01_PLX_T24_0002_000000,0.4566949955658302,10.0,False
91,X01_PLX_T24_0007_000000,0.44606808745864446,12.0,False
92,X01_PLX_C24_0001_000000,0.41814828305132334,20.0,False
92,X01_PLX_C24_0002_000000,0.4074876279892277,24.0,False
92,X01_PLX_C24_0007_000000,0.4450686659821572,14.0,False
92,X01_PLX_C24_0008_000000,0.46935642538211736,10.0,False
92,X01_PLX_C24_0009_000000,0.4346236674816817,16.0,False
92,X01_PLX_C24_0010_000000,0.5052876815145424,5.0,False
92,X01_PLX_C24_0014_000000,0.40484446525727835,25.0,False
92,X01_PLX_C24_0015_000000,0.41835611163302105,19.0,False
92,X01_PLX_C24_0018_000000,0.5964160543872553,2.0,True
92,X01_PLX_C24_0019_000000,0.43991090290457735,15.0,False
92,X01_PLX_C24_0020_000000,0.5261852197731952,4.0,True
92,X01_PLX_C24_0021_000000,0.48598283286583704,8.0,False
92,X01_PLX_C24_0022_000000,0.5022529884058109,6.0,False
92,X01_PLX_C24_0023_000000,0.4101142002094339,22.0,False
92,X01_PLX_C24_0024_000000,0.41502742363127826,21.0,False
92,X01_PLX_C24_0026_000000,0.4567069422681877,12.0,False
92,X01_PLX_G01_0002_000000,0.4252237240356754,17.0,False
92,X01_PLX_G01_0003_000000,0.5976624728611168,1.0,True
92,X01_PLX_G01_0004_000000,0.4511582574818462,13.0,False
92,X01_PLX_G01_0005_000000,0.4083027740703446,23.0,False
92,X01_PLX_G01_0006_000000,0.562154003557577,3.0,True
92,X01_PLX_P01_0005_000000,0.49545884227425796,7.0,False
92,X01_PLX_T24_0001_000000,0.42308671083969174,18.0,False
92,X01_PLX_T24_0002_000000,0.468281556336899,11.0,False
92,X01_PLX_T24_0007_000000,0.4770338216946606,9.0,False
93,X01_PLX_C24_0001_000000,0.454715098736203,12.0,False
93,X01_PLX_C24_0002_000000,0.4248572722928488,20.0,False
93,X01_PLX_C24_0007_000000,0.43416224601349224,19.0,False
93,X01_PLX_C24_0008_000000,0.45073258000778693,14.0,False
93,X01_PLX_C24_0009_000000,0.45080252472729937,13.0,False
93,X01_PLX_C24_0010_000000,0.5395924062081715,5.0,False
93,X01_PLX_C24_0014_000000,0.40147649201312696,25.0,False
93,X01_PLX_C24_0015_000000,0.4144009927533671,22.0,False
93,X01_PLX_C24_0018_000000,0.5936832263107755,2.0,True
93,X01_PLX_C24_0019_000000,0.43719500383074444,18.0,False
93,X01_PLX_C24_0020_000000,0.5527028979437736,3.0,True
93,X01_PLX_C24_0021_000000,0.5061473256453483,6.0,False
93,X01_PLX_C24_0022_000000,0.47925468416877326,8.0,False
93,X01_PLX_C24_0023_000000,0.4070545857611854,24.0,False
93,X01_PLX_C24_0024_000000,0.4107390419930919,23.0,False
93,X01_PLX_C24_0026_000000,0.46182582388809,11.0,False
93,X01_PLX_G01_0002_000000,0.43725159983628564,17.0,False
93,X01_PLX_G01_0003_000000,0.5482209117059642,4.0,True
93,X01_PLX_G01_0004_000000,0.44842709891791077,15.0,False
93,X01_PLX_G01_0005_000000,0.4160879757064721,21.0,False
93,X01_PLX_G01_0006_000000,0.6333213424127331,1.0,True
93,X01_PLX_P01_0005_000000,0.5050855398067637,7.0,False
93,X01_PLX_T24_0001_000000,0.4474067987487085,16.0,False
93,X01_PLX_T24_0002_000000,0.4705845916721127,9.0,False
93,X01_PLX_T24_0007_000000,0.4680167262365926,10.0,False
94,X01_PLX_C24_0001_000000,0.44355502264591407,16.0,False
94,X01_PLX_C24_0002_000000,0.4237878807661516,21.0,False
94,X01_PLX_C24_0007_000000,0.45350025820633894,14.0,False
94,X01_PLX_C24_0008_000000,0.4780828380466199,9.0,False
94,X01_PLX_C24_0009_000000,0.4406381369205588,17.0,False
94,X01_PLX_C24_0010_000000,0.5337404833623002,5.0,False
94,X01_PLX_C24_0014_000000,0.39662746357871775,23.0,False
94,X01_PLX_C24_0015_000000,0.39431768345912993,24.0,False
94,X01_PLX_C24_0018_000000,0.6007519420249929,1.0,True
94,X01_PLX_C24_0019_000000,0.43129624456225246,20.0,False
94,X01_PLX_C24_0020_000000,0.5428193432645743,4.0,True
94,X01_PLX_C24_0021_000000,0.47150400795324127,10.0,False
94,X01_PLX_C24_0022_000000,0.48304589191544844,8.0,False
94,X01_PLX_C24_0023_000000,0.3924247360618731,25.0,False
94,X01_PLX_C24_0024_000000,0.41064798397098495,22.0,False
94,X01_PLX_C24_0026_000000,0.45622107347052593,13.0,False
94,X01_PLX_G01_0002_000000,0.4384491497146867,18.0,False
94,X01_PLX_G01_0003_000000,0.5927109860392594,2.0,True
94,X01_PLX_G01_0004_000000,0.4659685529147519,11.0,False
94,X01_PLX_G01_0005_000000,0.4363108384720685,19.0,False
94,X01_PLX_G01_0006_000000,0.5657752396324633,3.0,True
94,X01_PLX_P01_0005_000000,0.5086011217032097,6.0,False
94,X01_PLX_T24_0001_000000,0.44689704684751613,15.0,False
94,X01_PLX_T24_0002_000000,0.48670042181751877,7.0,False
94,X01_PLX_T24_0007_000000,0.4654023369509443,12.0,False
95,X01_PLX_C24_0001_000000,0.4436972137553983,14.0,False
95,X01_PLX_C24_0002_000000,0.42653482172889806,20.0,False
95,X01_PLX_C24_0007_000000,0.44819730622336806,13.0,False
95,X01_PLX_C24_0008_000000,0.45605680974162277,12.0,False
95,X01_PLX_C24_0009_000000,0.43870418624045227,15.0,False
95,X01_PLX_C24_0010_000000,0.5416821570905429,5.0,False
95,X01_PLX_C24_0014_000000,0.3987224179016804,24.0,False
95,X01_PLX_C24_0015_000000,0.40869356946819757,22.0,False
95,X01_PLX_C24_0018_000000,0.6178614086284717,1.0,True
95,X01_PLX_C24_0019_000000,0.43811262957944147,16.0,False
95,X01_PLX_C24_0020_000000,0.54591519109145,4.0,True
95,X01_PLX_C24_0021_000000,0.48267156321709515,8.0,False
95,X01_PLX_C24_0022_000000,0.48344505001291604,6.0,False
95,X01_PLX_C24_0023_000000,0.3979989154975231,25.0,False
95,X01_PLX_C24_0024_000000,0.4069474339975658,23.0,False
95,X01_PLX_C24_0026_000000,0.46298281470542785,11.0,False
95,X01_PLX_G01_0002_000000,0.43069048748060484,19.0,False
95,X01_PLX_G01_0003_000000,0.5557161812889739,3.0,True
95,X01_PLX_G01_0004_000000,0.43760552427604915,17.0,False
95,X01_PLX_G01_0005_000000,0.4113266429534099,21.0,False
95,X01_PLX_G01_0006_000000,0.5780494464578692,2.0,True
95,X01_PLX_P01_0005_000000,0.4828514035204805,7.0,False
95,X01_PLX_T24_0001_000000,0.4368512889507991,18.0,False
95,X01_PLX_T24_0002_000000,0.4668111001325724,9.0,False
95,X01_PLX_T24_0007_000000,0.46306997613082196,10.0,False
96,X01_PLX_C24_0001_000000,0.4512139338766188,15.0,False
96,X01_PLX_C24_0002_000000,0.43764261037487073,19.0,False
96,X01_PLX_C24_0007_000000,0.44965748989981275,16.0,False
96,X01_PLX_C24_0008_000000,0.477314983173399,9.0,False
96,X01_PLX_C24_0009_000000,0.4558009708052212,14.0,False
96,X01_PLX_C24_0010_000000,0.5434903392174463,4.0,True
96,X01_PLX_C24_0014_000000,0.41480123285760684,24.0,False
96,X01_PLX_C24_0015_000000,0.41336746816104364,25.0,False
96,X01_PLX_C24_0018_000000,0.6053114708836664,1.0,True
96,X01_PLX_C24_0019_000000,0.44035949845566974,18.0,False
96,X01_PLX_C24_0020_000000,0.5404650446377003,5.0,False
96,X01_PLX_C24_0021_000000,0.49686295335057384,7.0,False
96,X01_PLX_C24_0022_000000,0.5077216753006983,6.0,False
96,X01_PLX_C24_0023_000000,0.4186326382780504,23.0,False
96,X01_PLX_C24_0024_000000,0.4289886346688367,21.0,False
96,X01_PLX_C24_0026_000000,0.4567819040290914,12.0,False
96,X01_PLX_G01_0002_000000,0.42868582686490425,22.0,False
96,X01_PLX_G01_0003_000000,0.5798543872211481,2.0,True
96,X01_PLX_G01_0004_000000,0.4458299903854906,17.0,False
96,X01_PLX_G01_0005_000000,0.43441232778633304,20.0,False
96,X01_PLX_G01_0006_000000,0.5572671890980393,3.0,True
96,X01_PLX_P01_0005_000000,0.49107414881602945,8.0,False
96,X01_PLX_T24_0001_000000,0.4558836342636874,13.0,False
96,X01_PLX_T24_0002_000000,0.4606894551751678,11.0,False
96,X01_PLX_T24_0007_000000,0.4750351233450749,10.0,False
97,X01_PLX_C24_0001_000000,0.42486969932062246,19.0,False
97,X01_PLX_C24_0002_000000,0.42507099295523393,17.0,False
97,X01_PLX_C24_0007_000000,0.4483267507530253,12.0,False
97,X01_PLX_C24_0008_000000,0.4876521063598108,7.0,False
97,X01_PLX_C24_0009_000000,0.43082013630530713,16.0,False
97,X01_PLX_C24_0010_000000,0.5321228332890252,4.0,True
97,X01_PLX_C24_0014_000000,0.40522119958882985,25.0,False
97,X01_PLX_C24_0015_000000,0.40766956265875304,24.0,False
97,X01_PLX_C24_0018_000000,0.6139204382044076,1.0,True
97,X01_PLX_C24_0019_000000,0.4214919190490904,20.0,False
97,X01_PLX_C24_0020_000000,0.5316975384166749,5.0,False
97,X01_PLX_C24_0021_000000,0.4735790961195969,8.0,False
97,X01_PLX_C24_0022_000000,0.46258954448610595,10.0,False
97,X01_PLX_C24_0023_000000,0.4108038895459088,22.0,False
97,X01_PLX_C24_0024_000000,0.40893359872988866,23.0,False
97,X01_PLX_C24_0026_000000,0.4364861199154582,15.0,False
97,X01_PLX_G01_0002_000000,0.424899348000447,18.0,False
97,X01_PLX_G01_0003_000000,0.5749670001248122,3.0,True
97,X01_PLX_G01_0004_000000,0.44621274791268417,13.0,False
97,X01_PLX_G01_0005_000000,0.4130638949006698,21.0,False
97,X01_PLX_G01_0006_000000,0.5806478386792804,2.0,True
97,X01_PLX_P01_0005_000000,0.49634753102130447,6.0,False
97,X01_PLX_T24_0001_000000,0.4450807386907175,14.0,False
97,X01_PLX_T24_0002_000000,0.47291800969270475,9.0,False
97,X01_PLX_T24_0007_000000,0.46137617064543945,11.0,False
98,X01_PLX_C24_0001_000000,0.44291455345135,15.0,False
98,X01_PLX_C24_0002_000000,0.41791950849415244,20.0,False
98,X01_PLX_C24_0007_000000,0.4471423036121802,12.0,False
98,X01_PLX_C24_0008_000000,0.47752300941805015,8.0,False
98,X01_PLX_C24_0009_000000,0.43496619283034577,18.0,False
98,X01_PLX_C24_0010_000000,0.49416719235651985,6.0,False
98,X01_PLX_C24_0014_000000,0.3880545798913469,25.0,False
98,X01_PLX_C24_0015_000000,0.39360953633913204,24.0,False
98,X01_PLX_C24_0018_000000,0.5991387601658433,1.0,True
98,X01_PLX_C24_0019_000000,0.4263954109733734,19.0,False
98,X01_PLX_C24_0020_000000,0.5549608648342192,4.0,True
98,X01_PLX_C24_0021_000000,0.4770883277373667,9.0,False
98,X01_PLX_C24_0022_000000,0.47351304566395036,10.0,False
98,X01_PLX_C24_0023_000000,0.40000117907221144,22.0,False
98,X01_PLX_C24_0024_000000,0.39785074021304073,23.0,False
98,X01_PLX_C24_0026_000000,0.4460941395725976,14.0,False
98,X01_PLX_G01_0002_000000,0.43594401967138013,17.0,False
98,X01_PLX_G01_0003_000000,0.576988545685898,3.0,True
98,X01_PLX_G01_0004_000000,0.44690975525080034,13.0,False
98,X01_PLX_G01_0005_000000,0.41436282114865614,21.0,False
98,X01_PLX_G01_0006_000000,0.585221324852851,2.0,True
98,X01_PLX_P01_0005_000000,0.49652427950559264,5.0,False
98,X01_PLX_T24_0001_000000,0.4392578007278559,16.0,False
98,X01_PLX_T24_0002_000000,0.47017657034655275,11.0,False
98,X01_PLX_T24_0007_000000,0.4818397776707469,7.0,False
99,X01_PLX_C24_0001_000000,0.4361275134804366,16.0,False
99,X01_PLX_C24_0002_000000,0.42274508969538044,21.0,False
99,X01_PLX_C24_0007_000000,0.441813840410719,14.0,False
99,X01_PLX_C24_0008_000000,0.479916483360745,8.0,False
99,X01_PLX_C24_0009_000000,0.43340288732577276,17.0,False
99,X01_PLX_C24_0010_000000,0.5232587421102607,5.0,False
99,X01_PLX_C24_0014_000000,0.4083091043656151,25.0,False
99,X01_PLX_C24_0015_000000,0.4140024954780026,23.0,False
99,X01_PLX_C24_0018_000000,0.607515512512582,1.0,True
99,X01_PLX_C24_0019_000000,0.4259189443253953,19.0,False
99,X01_PLX_C24_0020_000000,0.5418122569049014,4.0,True
99,X01_PLX_C24_0021_000000,0.47864909024599467,9.0,False
99,X01_PLX_C24_0022_000000,0.4816482637056321,7.0,False
99,X01_PLX_C24_0023_000000,0.4118381999003435,24.0,False
99,X01_PLX_C24_0024_000000,0.4216405417666855,22.0,False
99,X01_PLX_C24_0026_000000,0.44239548053438266,13.0,False
99,X01_PLX_G01_0002_000000,0.4303316595751688,18.0,False
99,X01_PLX_G01_0003_000000,0.575871576192676,3.0,True
99,X01_PLX_G01_0004_000000,0.4592147651360986,12.0,False
99,X01_PLX_G01_0005_000000,0.4242887126397259,20.0,False
99,X01_PLX_G01_0006_000000,0.5819471811798541,2.0,True
99,X01_PLX_P01_0005_000000,0.48865968816192157,6.0,False
99,X01_PLX_T24_0001_000000,0.43890897172737586,15.0,False
99,X01_PLX_T24_0002_000000,0.46424788687387936,11.0,False
99,X01_PLX_T24_0007_000000,0.47409049963004546,10.0,False
